total,locked,free,currency,account_id,account_type,base_currency,margins,reported,info
100000.00,0.00,100000.00,USD,IDEALPRO-001,MARGIN,,[],True,{}
100000.00,0.00,100000.00,EUR,IDEALPRO-001,MARGIN,,[],True,{}
100000.00,0.00,100000.00,USD,IDEALPRO-001,MARGIN,,[],False,{}
100000.00,0.00,100000.00,EUR,IDEALPRO-001,MARGIN,,[],False,{}
100000.00,0.00,100000.00,USD,IDEALPRO-001,MARGIN,,[],False,{}
100000.00,0.00,100000.00,EUR,IDEALPRO-001,MARGIN,,[],False,{}
99997.65,0.00,99997.65,USD,IDEALPRO-001,MARGIN,,[],False,{}
100000.00,0.00,100000.00,EUR,IDEALPRO-001,MARGIN,,[],False,{}
99997.65,2347.12,97650.53,USD,IDEALPRO-001,MARGIN,,"[{'type': 'MarginBalance', 'initial': '0.00', 'maintenance': '2347.12', 'currency': 'USD', 'instrument_id': 'EUR/USD.IDEALPRO'}]",False,{}
100000.00,0.00,100000.00,EUR,IDEALPRO-001,MARGIN,,"[{'type': 'MarginBalance', 'initial': '0.00', 'maintenance': '2347.12', 'currency': 'USD', 'instrument_id': 'EUR/USD.IDEALPRO'}]",False,{}
99997.65,2347.12,97650.53,USD,IDEALPRO-001,MARGIN,,"[{'type': 'MarginBalance', 'initial': '0.00', 'maintenance': '2347.12', 'currency': 'USD', 'instrument_id': 'EUR/USD.IDEALPRO'}]",False,{}
100000.00,0.00,100000.00,EUR,IDEALPRO-001,MARGIN,,"[{'type': 'MarginBalance', 'initial': '0.00', 'maintenance': '2347.12', 'currency': 'USD', 'instrument_id': 'EUR/USD.IDEALPRO'}]",False,{}
99997.65,2347.12,97650.53,USD,IDEALPRO-001,MARGIN,,"[{'type': 'MarginBalance', 'initial': '0.00', 'maintenance': '2347.12', 'currency': 'USD', 'instrument_id': 'EUR/USD.IDEALPRO'}]",False,{}
100000.00,0.00,100000.00,EUR,IDEALPRO-001,MARGIN,,"[{'type': 'MarginBalance', 'initial': '0.00', 'maintenance': '2347.12', 'currency': 'USD', 'instrument_id': 'EUR/USD.IDEALPRO'}]",False,{}
99997.65,2347.12,97650.53,USD,IDEALPRO-001,MARGIN,,"[{'type': 'MarginBalance', 'initial': '0.00', 'maintenance': '2347.12', 'currency': 'USD', 'instrument_id': 'EUR/USD.IDEALPRO'}]",False,{}
100000.00,0.00,100000.00,EUR,IDEALPRO-001,MARGIN,,"[{'type': 'MarginBalance', 'initial': '0.00', 'maintenance': '2347.12', 'currency': 'USD', 'instrument_id': 'EUR/USD.IDEALPRO'}]",False,{}
99974.30,0.00,99974.30,USD,IDEALPRO-001,MARGIN,,[],False,{}
100000.00,0.00,100000.00,EUR,IDEALPRO-001,MARGIN,,[],False,{}
99974.30,0.00,99974.30,USD,IDEALPRO-001,MARGIN,,[],False,{}
100000.00,0.00,100000.00,EUR,IDEALPRO-001,MARGIN,,[],False,{}
99974.30,0.00,99974.30,USD,IDEALPRO-001,MARGIN,,[],False,{}
100000.00,0.00,100000.00,EUR,IDEALPRO-001,MARGIN,,[],False,{}
99974.30,0.00,99974.30,USD,IDEALPRO-001,MARGIN,,[],False,{}
100000.00,0.00,100000.00,EUR,IDEALPRO-001,MARGIN,,[],False,{}
99974.30,0.00,99974.30,USD,IDEALPRO-001,MARGIN,,[],False,{}
100000.00,0.00,100000.00,EUR,IDEALPRO-001,MARGIN,,[],False,{}
99971.95,0.00,99971.95,USD,IDEALPRO-001,MARGIN,,[],False,{}
100000.00,0.00,100000.00,EUR,IDEALPRO-001,MARGIN,,[],False,{}
99971.95,2347.32,97624.63,USD,IDEALPRO-001,MARGIN,,"[{'type': 'MarginBalance', 'initial': '0.00', 'maintenance': '2347.32', 'currency': 'USD', 'instrument_id': 'EUR/USD.IDEALPRO'}]",False,{}
100000.00,0.00,100000.00,EUR,IDEALPRO-001,MARGIN,,"[{'type': 'MarginBalance', 'initial': '0.00', 'maintenance': '2347.32', 'currency': 'USD', 'instrument_id': 'EUR/USD.IDEALPRO'}]",False,{}
99971.95,2347.32,97624.63,USD,IDEALPRO-001,MARGIN,,"[{'type': 'MarginBalance', 'initial': '0.00', 'maintenance': '2347.32', 'currency': 'USD', 'instrument_id': 'EUR/USD.IDEALPRO'}]",False,{}
100000.00,0.00,100000.00,EUR,IDEALPRO-001,MARGIN,,"[{'type': 'MarginBalance', 'initial': '0.00', 'maintenance': '2347.32', 'currency': 'USD', 'instrument_id': 'EUR/USD.IDEALPRO'}]",False,{}
99971.95,2347.32,97624.63,USD,IDEALPRO-001,MARGIN,,"[{'type': 'MarginBalance', 'initial': '0.00', 'maintenance': '2347.32', 'currency': 'USD', 'instrument_id': 'EUR/USD.IDEALPRO'}]",False,{}
100000.00,0.00,100000.00,EUR,IDEALPRO-001,MARGIN,,"[{'type': 'MarginBalance', 'initial': '0.00', 'maintenance': '2347.32', 'currency': 'USD', 'instrument_id': 'EUR/USD.IDEALPRO'}]",False,{}
99971.95,2347.32,97624.63,USD,IDEALPRO-001,MARGIN,,"[{'type': 'MarginBalance', 'initial': '0.00', 'maintenance': '2347.32', 'currency': 'USD', 'instrument_id': 'EUR/USD.IDEALPRO'}]",False,{}
100000.00,0.00,100000.00,EUR,IDEALPRO-001,MARGIN,,"[{'type': 'MarginBalance', 'initial': '0.00', 'maintenance': '2347.32', 'currency': 'USD', 'instrument_id': 'EUR/USD.IDEALPRO'}]",False,{}
100082.60,0.00,100082.60,USD,IDEALPRO-001,MARGIN,,[],False,{}
100000.00,0.00,100000.00,EUR,IDEALPRO-001,MARGIN,,[],False,{}
100082.60,0.00,100082.60,USD,IDEALPRO-001,MARGIN,,[],False,{}
100000.00,0.00,100000.00,EUR,IDEALPRO-001,MARGIN,,[],False,{}
100082.60,0.00,100082.60,USD,IDEALPRO-001,MARGIN,,[],False,{}
100000.00,0.00,100000.00,EUR,IDEALPRO-001,MARGIN,,[],False,{}
100082.60,0.00,100082.60,USD,IDEALPRO-001,MARGIN,,[],False,{}
100000.00,0.00,100000.00,EUR,IDEALPRO-001,MARGIN,,[],False,{}
100082.60,0.00,100082.60,USD,IDEALPRO-001,MARGIN,,[],False,{}
100000.00,0.00,100000.00,EUR,IDEALPRO-001,MARGIN,,[],False,{}
100080.25,0.00,100080.25,USD,IDEALPRO-001,MARGIN,,[],False,{}
100000.00,0.00,100000.00,EUR,IDEALPRO-001,MARGIN,,[],False,{}
100080.25,2350.92,97729.33,USD,IDEALPRO-001,MARGIN,,"[{'type': 'MarginBalance', 'initial': '0.00', 'maintenance': '2350.92', 'currency': 'USD', 'instrument_id': 'EUR/USD.IDEALPRO'}]",False,{}
100000.00,0.00,100000.00,EUR,IDEALPRO-001,MARGIN,,"[{'type': 'MarginBalance', 'initial': '0.00', 'maintenance': '2350.92', 'currency': 'USD', 'instrument_id': 'EUR/USD.IDEALPRO'}]",False,{}
100080.25,2350.92,97729.33,USD,IDEALPRO-001,MARGIN,,"[{'type': 'MarginBalance', 'initial': '0.00', 'maintenance': '2350.92', 'currency': 'USD', 'instrument_id': 'EUR/USD.IDEALPRO'}]",False,{}
100000.00,0.00,100000.00,EUR,IDEALPRO-001,MARGIN,,"[{'type': 'MarginBalance', 'initial': '0.00', 'maintenance': '2350.92', 'currency': 'USD', 'instrument_id': 'EUR/USD.IDEALPRO'}]",False,{}
100080.25,2350.92,97729.33,USD,IDEALPRO-001,MARGIN,,"[{'type': 'MarginBalance', 'initial': '0.00', 'maintenance': '2350.92', 'currency': 'USD', 'instrument_id': 'EUR/USD.IDEALPRO'}]",False,{}
100000.00,0.00,100000.00,EUR,IDEALPRO-001,MARGIN,,"[{'type': 'MarginBalance', 'initial': '0.00', 'maintenance': '2350.92', 'currency': 'USD', 'instrument_id': 'EUR/USD.IDEALPRO'}]",False,{}
100080.25,2350.92,97729.33,USD,IDEALPRO-001,MARGIN,,"[{'type': 'MarginBalance', 'initial': '0.00', 'maintenance': '2350.92', 'currency': 'USD', 'instrument_id': 'EUR/USD.IDEALPRO'}]",False,{}
100000.00,0.00,100000.00,EUR,IDEALPRO-001,MARGIN,,"[{'type': 'MarginBalance', 'initial': '0.00', 'maintenance': '2350.92', 'currency': 'USD', 'instrument_id': 'EUR/USD.IDEALPRO'}]",False,{}
99990.90,0.00,99990.90,USD,IDEALPRO-001,MARGIN,,[],False,{}
100000.00,0.00,100000.00,EUR,IDEALPRO-001,MARGIN,,[],False,{}
99990.90,0.00,99990.90,USD,IDEALPRO-001,MARGIN,,[],False,{}
100000.00,0.00,100000.00,EUR,IDEALPRO-001,MARGIN,,[],False,{}
99990.90,0.00,99990.90,USD,IDEALPRO-001,MARGIN,,[],False,{}
100000.00,0.00,100000.00,EUR,IDEALPRO-001,MARGIN,,[],False,{}
99990.90,0.00,99990.90,USD,IDEALPRO-001,MARGIN,,[],False,{}
100000.00,0.00,100000.00,EUR,IDEALPRO-001,MARGIN,,[],False,{}
99990.90,0.00,99990.90,USD,IDEALPRO-001,MARGIN,,[],False,{}
100000.00,0.00,100000.00,EUR,IDEALPRO-001,MARGIN,,[],False,{}
99988.55,0.00,99988.55,USD,IDEALPRO-001,MARGIN,,[],False,{}
100000.00,0.00,100000.00,EUR,IDEALPRO-001,MARGIN,,[],False,{}
99988.55,2347.74,97640.81,USD,IDEALPRO-001,MARGIN,,"[{'type': 'MarginBalance', 'initial': '0.00', 'maintenance': '2347.74', 'currency': 'USD', 'instrument_id': 'EUR/USD.IDEALPRO'}]",False,{}
100000.00,0.00,100000.00,EUR,IDEALPRO-001,MARGIN,,"[{'type': 'MarginBalance', 'initial': '0.00', 'maintenance': '2347.74', 'currency': 'USD', 'instrument_id': 'EUR/USD.IDEALPRO'}]",False,{}
99988.55,2347.74,97640.81,USD,IDEALPRO-001,MARGIN,,"[{'type': 'MarginBalance', 'initial': '0.00', 'maintenance': '2347.74', 'currency': 'USD', 'instrument_id': 'EUR/USD.IDEALPRO'}]",False,{}
100000.00,0.00,100000.00,EUR,IDEALPRO-001,MARGIN,,"[{'type': 'MarginBalance', 'initial': '0.00', 'maintenance': '2347.74', 'currency': 'USD', 'instrument_id': 'EUR/USD.IDEALPRO'}]",False,{}
99988.55,2347.74,97640.81,USD,IDEALPRO-001,MARGIN,,"[{'type': 'MarginBalance', 'initial': '0.00', 'maintenance': '2347.74', 'currency': 'USD', 'instrument_id': 'EUR/USD.IDEALPRO'}]",False,{}
100000.00,0.00,100000.00,EUR,IDEALPRO-001,MARGIN,,"[{'type': 'MarginBalance', 'initial': '0.00', 'maintenance': '2347.74', 'currency': 'USD', 'instrument_id': 'EUR/USD.IDEALPRO'}]",False,{}
99988.55,2347.74,97640.81,USD,IDEALPRO-001,MARGIN,,"[{'type': 'MarginBalance', 'initial': '0.00', 'maintenance': '2347.74', 'currency': 'USD', 'instrument_id': 'EUR/USD.IDEALPRO'}]",False,{}
100000.00,0.00,100000.00,EUR,IDEALPRO-001,MARGIN,,"[{'type': 'MarginBalance', 'initial': '0.00', 'maintenance': '2347.74', 'currency': 'USD', 'instrument_id': 'EUR/USD.IDEALPRO'}]",False,{}
100022.20,0.00,100022.20,USD,IDEALPRO-001,MARGIN,,[],False,{}
100000.00,0.00,100000.00,EUR,IDEALPRO-001,MARGIN,,[],False,{}
100022.20,0.00,100022.20,USD,IDEALPRO-001,MARGIN,,[],False,{}
100000.00,0.00,100000.00,EUR,IDEALPRO-001,MARGIN,,[],False,{}
100022.20,0.00,100022.20,USD,IDEALPRO-001,MARGIN,,[],False,{}
100000.00,0.00,100000.00,EUR,IDEALPRO-001,MARGIN,,[],False,{}
100022.20,0.00,100022.20,USD,IDEALPRO-001,MARGIN,,[],False,{}
100000.00,0.00,100000.00,EUR,IDEALPRO-001,MARGIN,,[],False,{}
100022.20,0.00,100022.20,USD,IDEALPRO-001,MARGIN,,[],False,{}
100000.00,0.00,100000.00,EUR,IDEALPRO-001,MARGIN,,[],False,{}
100019.85,0.00,100019.85,USD,IDEALPRO-001,MARGIN,,[],False,{}
100000.00,0.00,100000.00,EUR,IDEALPRO-001,MARGIN,,[],False,{}
100019.85,2348.06,97671.79,USD,IDEALPRO-001,MARGIN,,"[{'type': 'MarginBalance', 'initial': '0.00', 'maintenance': '2348.06', 'currency': 'USD', 'instrument_id': 'EUR/USD.IDEALPRO'}]",False,{}
100000.00,0.00,100000.00,EUR,IDEALPRO-001,MARGIN,,"[{'type': 'MarginBalance', 'initial': '0.00', 'maintenance': '2348.06', 'currency': 'USD', 'instrument_id': 'EUR/USD.IDEALPRO'}]",False,{}
100019.85,2348.06,97671.79,USD,IDEALPRO-001,MARGIN,,"[{'type': 'MarginBalance', 'initial': '0.00', 'maintenance': '2348.06', 'currency': 'USD', 'instrument_id': 'EUR/USD.IDEALPRO'}]",False,{}
100000.00,0.00,100000.00,EUR,IDEALPRO-001,MARGIN,,"[{'type': 'MarginBalance', 'initial': '0.00', 'maintenance': '2348.06', 'currency': 'USD', 'instrument_id': 'EUR/USD.IDEALPRO'}]",False,{}
100019.85,2348.06,97671.79,USD,IDEALPRO-001,MARGIN,,"[{'type': 'MarginBalance', 'initial': '0.00', 'maintenance': '2348.06', 'currency': 'USD', 'instrument_id': 'EUR/USD.IDEALPRO'}]",False,{}
100000.00,0.00,100000.00,EUR,IDEALPRO-001,MARGIN,,"[{'type': 'MarginBalance', 'initial': '0.00', 'maintenance': '2348.06', 'currency': 'USD', 'instrument_id': 'EUR/USD.IDEALPRO'}]",False,{}
100019.85,2348.06,97671.79,USD,IDEALPRO-001,MARGIN,,"[{'type': 'MarginBalance', 'initial': '0.00', 'maintenance': '2348.06', 'currency': 'USD', 'instrument_id': 'EUR/USD.IDEALPRO'}]",False,{}
100000.00,0.00,100000.00,EUR,IDEALPRO-001,MARGIN,,"[{'type': 'MarginBalance', 'initial': '0.00', 'maintenance': '2348.06', 'currency': 'USD', 'instrument_id': 'EUR/USD.IDEALPRO'}]",False,{}
99949.50,0.00,99949.50,USD,IDEALPRO-001,MARGIN,,[],False,{}
100000.00,0.00,100000.00,EUR,IDEALPRO-001,MARGIN,,[],False,{}
99949.50,0.00,99949.50,USD,IDEALPRO-001,MARGIN,,[],False,{}
100000.00,0.00,100000.00,EUR,IDEALPRO-001,MARGIN,,[],False,{}
99949.50,0.00,99949.50,USD,IDEALPRO-001,MARGIN,,[],False,{}
100000.00,0.00,100000.00,EUR,IDEALPRO-001,MARGIN,,[],False,{}
99949.50,0.00,99949.50,USD,IDEALPRO-001,MARGIN,,[],False,{}
100000.00,0.00,100000.00,EUR,IDEALPRO-001,MARGIN,,[],False,{}
99949.50,0.00,99949.50,USD,IDEALPRO-001,MARGIN,,[],False,{}
100000.00,0.00,100000.00,EUR,IDEALPRO-001,MARGIN,,[],False,{}
99947.15,0.00,99947.15,USD,IDEALPRO-001,MARGIN,,[],False,{}
100000.00,0.00,100000.00,EUR,IDEALPRO-001,MARGIN,,[],False,{}
99947.15,2346.66,97600.49,USD,IDEALPRO-001,MARGIN,,"[{'type': 'MarginBalance', 'initial': '0.00', 'maintenance': '2346.66', 'currency': 'USD', 'instrument_id': 'EUR/USD.IDEALPRO'}]",False,{}
100000.00,0.00,100000.00,EUR,IDEALPRO-001,MARGIN,,"[{'type': 'MarginBalance', 'initial': '0.00', 'maintenance': '2346.66', 'currency': 'USD', 'instrument_id': 'EUR/USD.IDEALPRO'}]",False,{}
99947.15,2346.66,97600.49,USD,IDEALPRO-001,MARGIN,,"[{'type': 'MarginBalance', 'initial': '0.00', 'maintenance': '2346.66', 'currency': 'USD', 'instrument_id': 'EUR/USD.IDEALPRO'}]",False,{}
100000.00,0.00,100000.00,EUR,IDEALPRO-001,MARGIN,,"[{'type': 'MarginBalance', 'initial': '0.00', 'maintenance': '2346.66', 'currency': 'USD', 'instrument_id': 'EUR/USD.IDEALPRO'}]",False,{}
99947.15,2346.66,97600.49,USD,IDEALPRO-001,MARGIN,,"[{'type': 'MarginBalance', 'initial': '0.00', 'maintenance': '2346.66', 'currency': 'USD', 'instrument_id': 'EUR/USD.IDEALPRO'}]",False,{}
100000.00,0.00,100000.00,EUR,IDEALPRO-001,MARGIN,,"[{'type': 'MarginBalance', 'initial': '0.00', 'maintenance': '2346.66', 'currency': 'USD', 'instrument_id': 'EUR/USD.IDEALPRO'}]",False,{}
99947.15,2346.66,97600.49,USD,IDEALPRO-001,MARGIN,,"[{'type': 'MarginBalance', 'initial': '0.00', 'maintenance': '2346.66', 'currency': 'USD', 'instrument_id': 'EUR/USD.IDEALPRO'}]",False,{}
100000.00,0.00,100000.00,EUR,IDEALPRO-001,MARGIN,,"[{'type': 'MarginBalance', 'initial': '0.00', 'maintenance': '2346.66', 'currency': 'USD', 'instrument_id': 'EUR/USD.IDEALPRO'}]",False,{}
99890.80,0.00,99890.80,USD,IDEALPRO-001,MARGIN,,[],False,{}
100000.00,0.00,100000.00,EUR,IDEALPRO-001,MARGIN,,[],False,{}
99890.80,0.00,99890.80,USD,IDEALPRO-001,MARGIN,,[],False,{}
100000.00,0.00,100000.00,EUR,IDEALPRO-001,MARGIN,,[],False,{}
99890.80,0.00,99890.80,USD,IDEALPRO-001,MARGIN,,[],False,{}
100000.00,0.00,100000.00,EUR,IDEALPRO-001,MARGIN,,[],False,{}
99890.80,0.00,99890.80,USD,IDEALPRO-001,MARGIN,,[],False,{}
100000.00,0.00,100000.00,EUR,IDEALPRO-001,MARGIN,,[],False,{}
99890.80,0.00,99890.80,USD,IDEALPRO-001,MARGIN,,[],False,{}
100000.00,0.00,100000.00,EUR,IDEALPRO-001,MARGIN,,[],False,{}
99888.45,0.00,99888.45,USD,IDEALPRO-001,MARGIN,,[],False,{}
100000.00,0.00,100000.00,EUR,IDEALPRO-001,MARGIN,,[],False,{}
99888.45,2347.00,97541.45,USD,IDEALPRO-001,MARGIN,,"[{'type': 'MarginBalance', 'initial': '0.00', 'maintenance': '2347.00', 'currency': 'USD', 'instrument_id': 'EUR/USD.IDEALPRO'}]",False,{}
100000.00,0.00,100000.00,EUR,IDEALPRO-001,MARGIN,,"[{'type': 'MarginBalance', 'initial': '0.00', 'maintenance': '2347.00', 'currency': 'USD', 'instrument_id': 'EUR/USD.IDEALPRO'}]",False,{}
99888.45,2347.00,97541.45,USD,IDEALPRO-001,MARGIN,,"[{'type': 'MarginBalance', 'initial': '0.00', 'maintenance': '2347.00', 'currency': 'USD', 'instrument_id': 'EUR/USD.IDEALPRO'}]",False,{}
100000.00,0.00,100000.00,EUR,IDEALPRO-001,MARGIN,,"[{'type': 'MarginBalance', 'initial': '0.00', 'maintenance': '2347.00', 'currency': 'USD', 'instrument_id': 'EUR/USD.IDEALPRO'}]",False,{}
99888.45,2347.00,97541.45,USD,IDEALPRO-001,MARGIN,,"[{'type': 'MarginBalance', 'initial': '0.00', 'maintenance': '2347.00', 'currency': 'USD', 'instrument_id': 'EUR/USD.IDEALPRO'}]",False,{}
100000.00,0.00,100000.00,EUR,IDEALPRO-001,MARGIN,,"[{'type': 'MarginBalance', 'initial': '0.00', 'maintenance': '2347.00', 'currency': 'USD', 'instrument_id': 'EUR/USD.IDEALPRO'}]",False,{}
99888.45,2347.00,97541.45,USD,IDEALPRO-001,MARGIN,,"[{'type': 'MarginBalance', 'initial': '0.00', 'maintenance': '2347.00', 'currency': 'USD', 'instrument_id': 'EUR/USD.IDEALPRO'}]",False,{}
100000.00,0.00,100000.00,EUR,IDEALPRO-001,MARGIN,,"[{'type': 'MarginBalance', 'initial': '0.00', 'maintenance': '2347.00', 'currency': 'USD', 'instrument_id': 'EUR/USD.IDEALPRO'}]",False,{}
99874.10,0.00,99874.10,USD,IDEALPRO-001,MARGIN,,[],False,{}
100000.00,0.00,100000.00,EUR,IDEALPRO-001,MARGIN,,[],False,{}
99874.10,0.00,99874.10,USD,IDEALPRO-001,MARGIN,,[],False,{}
100000.00,0.00,100000.00,EUR,IDEALPRO-001,MARGIN,,[],False,{}
99874.10,0.00,99874.10,USD,IDEALPRO-001,MARGIN,,[],False,{}
100000.00,0.00,100000.00,EUR,IDEALPRO-001,MARGIN,,[],False,{}
99874.10,0.00,99874.10,USD,IDEALPRO-001,MARGIN,,[],False,{}
100000.00,0.00,100000.00,EUR,IDEALPRO-001,MARGIN,,[],False,{}
99874.10,0.00,99874.10,USD,IDEALPRO-001,MARGIN,,[],False,{}
100000.00,0.00,100000.00,EUR,IDEALPRO-001,MARGIN,,[],False,{}
99871.75,0.00,99871.75,USD,IDEALPRO-001,MARGIN,,[],False,{}
100000.00,0.00,100000.00,EUR,IDEALPRO-001,MARGIN,,[],False,{}
99871.75,2348.28,97523.47,USD,IDEALPRO-001,MARGIN,,"[{'type': 'MarginBalance', 'initial': '0.00', 'maintenance': '2348.28', 'currency': 'USD', 'instrument_id': 'EUR/USD.IDEALPRO'}]",False,{}
100000.00,0.00,100000.00,EUR,IDEALPRO-001,MARGIN,,"[{'type': 'MarginBalance', 'initial': '0.00', 'maintenance': '2348.28', 'currency': 'USD', 'instrument_id': 'EUR/USD.IDEALPRO'}]",False,{}
99871.75,2348.28,97523.47,USD,IDEALPRO-001,MARGIN,,"[{'type': 'MarginBalance', 'initial': '0.00', 'maintenance': '2348.28', 'currency': 'USD', 'instrument_id': 'EUR/USD.IDEALPRO'}]",False,{}
100000.00,0.00,100000.00,EUR,IDEALPRO-001,MARGIN,,"[{'type': 'MarginBalance', 'initial': '0.00', 'maintenance': '2348.28', 'currency': 'USD', 'instrument_id': 'EUR/USD.IDEALPRO'}]",False,{}
99871.75,2348.28,97523.47,USD,IDEALPRO-001,MARGIN,,"[{'type': 'MarginBalance', 'initial': '0.00', 'maintenance': '2348.28', 'currency': 'USD', 'instrument_id': 'EUR/USD.IDEALPRO'}]",False,{}
100000.00,0.00,100000.00,EUR,IDEALPRO-001,MARGIN,,"[{'type': 'MarginBalance', 'initial': '0.00', 'maintenance': '2348.28', 'currency': 'USD', 'instrument_id': 'EUR/USD.IDEALPRO'}]",False,{}
99871.75,2348.28,97523.47,USD,IDEALPRO-001,MARGIN,,"[{'type': 'MarginBalance', 'initial': '0.00', 'maintenance': '2348.28', 'currency': 'USD', 'instrument_id': 'EUR/USD.IDEALPRO'}]",False,{}
100000.00,0.00,100000.00,EUR,IDEALPRO-001,MARGIN,,"[{'type': 'MarginBalance', 'initial': '0.00', 'maintenance': '2348.28', 'currency': 'USD', 'instrument_id': 'EUR/USD.IDEALPRO'}]",False,{}
99979.40,0.00,99979.40,USD,IDEALPRO-001,MARGIN,,[],False,{}
100000.00,0.00,100000.00,EUR,IDEALPRO-001,MARGIN,,[],False,{}
99979.40,0.00,99979.40,USD,IDEALPRO-001,MARGIN,,[],False,{}
100000.00,0.00,100000.00,EUR,IDEALPRO-001,MARGIN,,[],False,{}
99979.40,0.00,99979.40,USD,IDEALPRO-001,MARGIN,,[],False,{}
100000.00,0.00,100000.00,EUR,IDEALPRO-001,MARGIN,,[],False,{}
99979.40,0.00,99979.40,USD,IDEALPRO-001,MARGIN,,[],False,{}
100000.00,0.00,100000.00,EUR,IDEALPRO-001,MARGIN,,[],False,{}
99979.40,0.00,99979.40,USD,IDEALPRO-001,MARGIN,,[],False,{}
100000.00,0.00,100000.00,EUR,IDEALPRO-001,MARGIN,,[],False,{}
99977.05,0.00,99977.05,USD,IDEALPRO-001,MARGIN,,[],False,{}
100000.00,0.00,100000.00,EUR,IDEALPRO-001,MARGIN,,[],False,{}
99977.05,2350.46,97626.59,USD,IDEALPRO-001,MARGIN,,"[{'type': 'MarginBalance', 'initial': '0.00', 'maintenance': '2350.46', 'currency': 'USD', 'instrument_id': 'EUR/USD.IDEALPRO'}]",False,{}
100000.00,0.00,100000.00,EUR,IDEALPRO-001,MARGIN,,"[{'type': 'MarginBalance', 'initial': '0.00', 'maintenance': '2350.46', 'currency': 'USD', 'instrument_id': 'EUR/USD.IDEALPRO'}]",False,{}
99977.05,2350.46,97626.59,USD,IDEALPRO-001,MARGIN,,"[{'type': 'MarginBalance', 'initial': '0.00', 'maintenance': '2350.46', 'currency': 'USD', 'instrument_id': 'EUR/USD.IDEALPRO'}]",False,{}
100000.00,0.00,100000.00,EUR,IDEALPRO-001,MARGIN,,"[{'type': 'MarginBalance', 'initial': '0.00', 'maintenance': '2350.46', 'currency': 'USD', 'instrument_id': 'EUR/USD.IDEALPRO'}]",False,{}
99977.05,2350.46,97626.59,USD,IDEALPRO-001,MARGIN,,"[{'type': 'MarginBalance', 'initial': '0.00', 'maintenance': '2350.46', 'currency': 'USD', 'instrument_id': 'EUR/USD.IDEALPRO'}]",False,{}
100000.00,0.00,100000.00,EUR,IDEALPRO-001,MARGIN,,"[{'type': 'MarginBalance', 'initial': '0.00', 'maintenance': '2350.46', 'currency': 'USD', 'instrument_id': 'EUR/USD.IDEALPRO'}]",False,{}
99977.05,2350.46,97626.59,USD,IDEALPRO-001,MARGIN,,"[{'type': 'MarginBalance', 'initial': '0.00', 'maintenance': '2350.46', 'currency': 'USD', 'instrument_id': 'EUR/USD.IDEALPRO'}]",False,{}
100000.00,0.00,100000.00,EUR,IDEALPRO-001,MARGIN,,"[{'type': 'MarginBalance', 'initial': '0.00', 'maintenance': '2350.46', 'currency': 'USD', 'instrument_id': 'EUR/USD.IDEALPRO'}]",False,{}
99841.70,0.00,99841.70,USD,IDEALPRO-001,MARGIN,,[],False,{}
100000.00,0.00,100000.00,EUR,IDEALPRO-001,MARGIN,,[],False,{}
99841.70,0.00,99841.70,USD,IDEALPRO-001,MARGIN,,[],False,{}
100000.00,0.00,100000.00,EUR,IDEALPRO-001,MARGIN,,[],False,{}
99841.70,0.00,99841.70,USD,IDEALPRO-001,MARGIN,,[],False,{}
100000.00,0.00,100000.00,EUR,IDEALPRO-001,MARGIN,,[],False,{}
99841.70,0.00,99841.70,USD,IDEALPRO-001,MARGIN,,[],False,{}
100000.00,0.00,100000.00,EUR,IDEALPRO-001,MARGIN,,[],False,{}
99841.70,0.00,99841.70,USD,IDEALPRO-001,MARGIN,,[],False,{}
100000.00,0.00,100000.00,EUR,IDEALPRO-001,MARGIN,,[],False,{}
99839.36,0.00,99839.36,USD,IDEALPRO-001,MARGIN,,[],False,{}
100000.00,0.00,100000.00,EUR,IDEALPRO-001,MARGIN,,[],False,{}
99839.36,2341.64,97497.72,USD,IDEALPRO-001,MARGIN,,"[{'type': 'MarginBalance', 'initial': '0.00', 'maintenance': '2341.64', 'currency': 'USD', 'instrument_id': 'EUR/USD.IDEALPRO'}]",False,{}
100000.00,0.00,100000.00,EUR,IDEALPRO-001,MARGIN,,"[{'type': 'MarginBalance', 'initial': '0.00', 'maintenance': '2341.64', 'currency': 'USD', 'instrument_id': 'EUR/USD.IDEALPRO'}]",False,{}
99839.36,2341.64,97497.72,USD,IDEALPRO-001,MARGIN,,"[{'type': 'MarginBalance', 'initial': '0.00', 'maintenance': '2341.64', 'currency': 'USD', 'instrument_id': 'EUR/USD.IDEALPRO'}]",False,{}
100000.00,0.00,100000.00,EUR,IDEALPRO-001,MARGIN,,"[{'type': 'MarginBalance', 'initial': '0.00', 'maintenance': '2341.64', 'currency': 'USD', 'instrument_id': 'EUR/USD.IDEALPRO'}]",False,{}
99839.36,2341.64,97497.72,USD,IDEALPRO-001,MARGIN,,"[{'type': 'MarginBalance', 'initial': '0.00', 'maintenance': '2341.64', 'currency': 'USD', 'instrument_id': 'EUR/USD.IDEALPRO'}]",False,{}
100000.00,0.00,100000.00,EUR,IDEALPRO-001,MARGIN,,"[{'type': 'MarginBalance', 'initial': '0.00', 'maintenance': '2341.64', 'currency': 'USD', 'instrument_id': 'EUR/USD.IDEALPRO'}]",False,{}
99839.36,2341.64,97497.72,USD,IDEALPRO-001,MARGIN,,"[{'type': 'MarginBalance', 'initial': '0.00', 'maintenance': '2341.64', 'currency': 'USD', 'instrument_id': 'EUR/USD.IDEALPRO'}]",False,{}
100000.00,0.00,100000.00,EUR,IDEALPRO-001,MARGIN,,"[{'type': 'MarginBalance', 'initial': '0.00', 'maintenance': '2341.64', 'currency': 'USD', 'instrument_id': 'EUR/USD.IDEALPRO'}]",False,{}
99947.02,0.00,99947.02,USD,IDEALPRO-001,MARGIN,,[],False,{}
100000.00,0.00,100000.00,EUR,IDEALPRO-001,MARGIN,,[],False,{}
99947.02,0.00,99947.02,USD,IDEALPRO-001,MARGIN,,[],False,{}
100000.00,0.00,100000.00,EUR,IDEALPRO-001,MARGIN,,[],False,{}
99947.02,0.00,99947.02,USD,IDEALPRO-001,MARGIN,,[],False,{}
100000.00,0.00,100000.00,EUR,IDEALPRO-001,MARGIN,,[],False,{}
99947.02,0.00,99947.02,USD,IDEALPRO-001,MARGIN,,[],False,{}
100000.00,0.00,100000.00,EUR,IDEALPRO-001,MARGIN,,[],False,{}
99947.02,0.00,99947.02,USD,IDEALPRO-001,MARGIN,,[],False,{}
100000.00,0.00,100000.00,EUR,IDEALPRO-001,MARGIN,,[],False,{}
99944.68,0.00,99944.68,USD,IDEALPRO-001,MARGIN,,[],False,{}
100000.00,0.00,100000.00,EUR,IDEALPRO-001,MARGIN,,[],False,{}
99944.68,2343.88,97600.80,USD,IDEALPRO-001,MARGIN,,"[{'type': 'MarginBalance', 'initial': '0.00', 'maintenance': '2343.88', 'currency': 'USD', 'instrument_id': 'EUR/USD.IDEALPRO'}]",False,{}
100000.00,0.00,100000.00,EUR,IDEALPRO-001,MARGIN,,"[{'type': 'MarginBalance', 'initial': '0.00', 'maintenance': '2343.88', 'currency': 'USD', 'instrument_id': 'EUR/USD.IDEALPRO'}]",False,{}
99944.68,2343.88,97600.80,USD,IDEALPRO-001,MARGIN,,"[{'type': 'MarginBalance', 'initial': '0.00', 'maintenance': '2343.88', 'currency': 'USD', 'instrument_id': 'EUR/USD.IDEALPRO'}]",False,{}
100000.00,0.00,100000.00,EUR,IDEALPRO-001,MARGIN,,"[{'type': 'MarginBalance', 'initial': '0.00', 'maintenance': '2343.88', 'currency': 'USD', 'instrument_id': 'EUR/USD.IDEALPRO'}]",False,{}
99944.68,2343.88,97600.80,USD,IDEALPRO-001,MARGIN,,"[{'type': 'MarginBalance', 'initial': '0.00', 'maintenance': '2343.88', 'currency': 'USD', 'instrument_id': 'EUR/USD.IDEALPRO'}]",False,{}
100000.00,0.00,100000.00,EUR,IDEALPRO-001,MARGIN,,"[{'type': 'MarginBalance', 'initial': '0.00', 'maintenance': '2343.88', 'currency': 'USD', 'instrument_id': 'EUR/USD.IDEALPRO'}]",False,{}
99944.68,2343.88,97600.80,USD,IDEALPRO-001,MARGIN,,"[{'type': 'MarginBalance', 'initial': '0.00', 'maintenance': '2343.88', 'currency': 'USD', 'instrument_id': 'EUR/USD.IDEALPRO'}]",False,{}
100000.00,0.00,100000.00,EUR,IDEALPRO-001,MARGIN,,"[{'type': 'MarginBalance', 'initial': '0.00', 'maintenance': '2343.88', 'currency': 'USD', 'instrument_id': 'EUR/USD.IDEALPRO'}]",False,{}
99951.34,0.00,99951.34,USD,IDEALPRO-001,MARGIN,,[],False,{}
100000.00,0.00,100000.00,EUR,IDEALPRO-001,MARGIN,,[],False,{}
99951.34,0.00,99951.34,USD,IDEALPRO-001,MARGIN,,[],False,{}
100000.00,0.00,100000.00,EUR,IDEALPRO-001,MARGIN,,[],False,{}
99951.34,0.00,99951.34,USD,IDEALPRO-001,MARGIN,,[],False,{}
100000.00,0.00,100000.00,EUR,IDEALPRO-001,MARGIN,,[],False,{}
99951.34,0.00,99951.34,USD,IDEALPRO-001,MARGIN,,[],False,{}
100000.00,0.00,100000.00,EUR,IDEALPRO-001,MARGIN,,[],False,{}
99951.34,0.00,99951.34,USD,IDEALPRO-001,MARGIN,,[],False,{}
100000.00,0.00,100000.00,EUR,IDEALPRO-001,MARGIN,,[],False,{}
99948.99,0.00,99948.99,USD,IDEALPRO-001,MARGIN,,[],False,{}
100000.00,0.00,100000.00,EUR,IDEALPRO-001,MARGIN,,[],False,{}
99948.99,2345.10,97603.89,USD,IDEALPRO-001,MARGIN,,"[{'type': 'MarginBalance', 'initial': '0.00', 'maintenance': '2345.10', 'currency': 'USD', 'instrument_id': 'EUR/USD.IDEALPRO'}]",False,{}
100000.00,0.00,100000.00,EUR,IDEALPRO-001,MARGIN,,"[{'type': 'MarginBalance', 'initial': '0.00', 'maintenance': '2345.10', 'currency': 'USD', 'instrument_id': 'EUR/USD.IDEALPRO'}]",False,{}
99948.99,2345.10,97603.89,USD,IDEALPRO-001,MARGIN,,"[{'type': 'MarginBalance', 'initial': '0.00', 'maintenance': '2345.10', 'currency': 'USD', 'instrument_id': 'EUR/USD.IDEALPRO'}]",False,{}
100000.00,0.00,100000.00,EUR,IDEALPRO-001,MARGIN,,"[{'type': 'MarginBalance', 'initial': '0.00', 'maintenance': '2345.10', 'currency': 'USD', 'instrument_id': 'EUR/USD.IDEALPRO'}]",False,{}
99948.99,2345.10,97603.89,USD,IDEALPRO-001,MARGIN,,"[{'type': 'MarginBalance', 'initial': '0.00', 'maintenance': '2345.10', 'currency': 'USD', 'instrument_id': 'EUR/USD.IDEALPRO'}]",False,{}
100000.00,0.00,100000.00,EUR,IDEALPRO-001,MARGIN,,"[{'type': 'MarginBalance', 'initial': '0.00', 'maintenance': '2345.10', 'currency': 'USD', 'instrument_id': 'EUR/USD.IDEALPRO'}]",False,{}
99948.99,2345.10,97603.89,USD,IDEALPRO-001,MARGIN,,"[{'type': 'MarginBalance', 'initial': '0.00', 'maintenance': '2345.10', 'currency': 'USD', 'instrument_id': 'EUR/USD.IDEALPRO'}]",False,{}
100000.00,0.00,100000.00,EUR,IDEALPRO-001,MARGIN,,"[{'type': 'MarginBalance', 'initial': '0.00', 'maintenance': '2345.10', 'currency': 'USD', 'instrument_id': 'EUR/USD.IDEALPRO'}]",False,{}
99902.65,0.00,99902.65,USD,IDEALPRO-001,MARGIN,,[],False,{}
100000.00,0.00,100000.00,EUR,IDEALPRO-001,MARGIN,,[],False,{}
99902.65,0.00,99902.65,USD,IDEALPRO-001,MARGIN,,[],False,{}
100000.00,0.00,100000.00,EUR,IDEALPRO-001,MARGIN,,[],False,{}
99902.65,0.00,99902.65,USD,IDEALPRO-001,MARGIN,,[],False,{}
100000.00,0.00,100000.00,EUR,IDEALPRO-001,MARGIN,,[],False,{}
99902.65,0.00,99902.65,USD,IDEALPRO-001,MARGIN,,[],False,{}
100000.00,0.00,100000.00,EUR,IDEALPRO-001,MARGIN,,[],False,{}
99902.65,0.00,99902.65,USD,IDEALPRO-001,MARGIN,,[],False,{}
100000.00,0.00,100000.00,EUR,IDEALPRO-001,MARGIN,,[],False,{}
99900.30,0.00,99900.30,USD,IDEALPRO-001,MARGIN,,[],False,{}
100000.00,0.00,100000.00,EUR,IDEALPRO-001,MARGIN,,[],False,{}
99900.30,2345.36,97554.94,USD,IDEALPRO-001,MARGIN,,"[{'type': 'MarginBalance', 'initial': '0.00', 'maintenance': '2345.36', 'currency': 'USD', 'instrument_id': 'EUR/USD.IDEALPRO'}]",False,{}
100000.00,0.00,100000.00,EUR,IDEALPRO-001,MARGIN,,"[{'type': 'MarginBalance', 'initial': '0.00', 'maintenance': '2345.36', 'currency': 'USD', 'instrument_id': 'EUR/USD.IDEALPRO'}]",False,{}
99900.30,2345.36,97554.94,USD,IDEALPRO-001,MARGIN,,"[{'type': 'MarginBalance', 'initial': '0.00', 'maintenance': '2345.36', 'currency': 'USD', 'instrument_id': 'EUR/USD.IDEALPRO'}]",False,{}
100000.00,0.00,100000.00,EUR,IDEALPRO-001,MARGIN,,"[{'type': 'MarginBalance', 'initial': '0.00', 'maintenance': '2345.36', 'currency': 'USD', 'instrument_id': 'EUR/USD.IDEALPRO'}]",False,{}
99900.30,2345.36,97554.94,USD,IDEALPRO-001,MARGIN,,"[{'type': 'MarginBalance', 'initial': '0.00', 'maintenance': '2345.36', 'currency': 'USD', 'instrument_id': 'EUR/USD.IDEALPRO'}]",False,{}
100000.00,0.00,100000.00,EUR,IDEALPRO-001,MARGIN,,"[{'type': 'MarginBalance', 'initial': '0.00', 'maintenance': '2345.36', 'currency': 'USD', 'instrument_id': 'EUR/USD.IDEALPRO'}]",False,{}
99900.30,2345.36,97554.94,USD,IDEALPRO-001,MARGIN,,"[{'type': 'MarginBalance', 'initial': '0.00', 'maintenance': '2345.36', 'currency': 'USD', 'instrument_id': 'EUR/USD.IDEALPRO'}]",False,{}
100000.00,0.00,100000.00,EUR,IDEALPRO-001,MARGIN,,"[{'type': 'MarginBalance', 'initial': '0.00', 'maintenance': '2345.36', 'currency': 'USD', 'instrument_id': 'EUR/USD.IDEALPRO'}]",False,{}
99817.96,0.00,99817.96,USD,IDEALPRO-001,MARGIN,,[],False,{}
100000.00,0.00,100000.00,EUR,IDEALPRO-001,MARGIN,,[],False,{}
99817.96,0.00,99817.96,USD,IDEALPRO-001,MARGIN,,[],False,{}
100000.00,0.00,100000.00,EUR,IDEALPRO-001,MARGIN,,[],False,{}
99817.96,0.00,99817.96,USD,IDEALPRO-001,MARGIN,,[],False,{}
100000.00,0.00,100000.00,EUR,IDEALPRO-001,MARGIN,,[],False,{}
99817.96,0.00,99817.96,USD,IDEALPRO-001,MARGIN,,[],False,{}
100000.00,0.00,100000.00,EUR,IDEALPRO-001,MARGIN,,[],False,{}
99817.96,0.00,99817.96,USD,IDEALPRO-001,MARGIN,,[],False,{}
100000.00,0.00,100000.00,EUR,IDEALPRO-001,MARGIN,,[],False,{}
99815.62,0.00,99815.62,USD,IDEALPRO-001,MARGIN,,[],False,{}
100000.00,0.00,100000.00,EUR,IDEALPRO-001,MARGIN,,[],False,{}
99815.62,2345.00,97470.62,USD,IDEALPRO-001,MARGIN,,"[{'type': 'MarginBalance', 'initial': '0.00', 'maintenance': '2345.00', 'currency': 'USD', 'instrument_id': 'EUR/USD.IDEALPRO'}]",False,{}
100000.00,0.00,100000.00,EUR,IDEALPRO-001,MARGIN,,"[{'type': 'MarginBalance', 'initial': '0.00', 'maintenance': '2345.00', 'currency': 'USD', 'instrument_id': 'EUR/USD.IDEALPRO'}]",False,{}
99815.62,2345.00,97470.62,USD,IDEALPRO-001,MARGIN,,"[{'type': 'MarginBalance', 'initial': '0.00', 'maintenance': '2345.00', 'currency': 'USD', 'instrument_id': 'EUR/USD.IDEALPRO'}]",False,{}
100000.00,0.00,100000.00,EUR,IDEALPRO-001,MARGIN,,"[{'type': 'MarginBalance', 'initial': '0.00', 'maintenance': '2345.00', 'currency': 'USD', 'instrument_id': 'EUR/USD.IDEALPRO'}]",False,{}
99815.62,2345.00,97470.62,USD,IDEALPRO-001,MARGIN,,"[{'type': 'MarginBalance', 'initial': '0.00', 'maintenance': '2345.00', 'currency': 'USD', 'instrument_id': 'EUR/USD.IDEALPRO'}]",False,{}
100000.00,0.00,100000.00,EUR,IDEALPRO-001,MARGIN,,"[{'type': 'MarginBalance', 'initial': '0.00', 'maintenance': '2345.00', 'currency': 'USD', 'instrument_id': 'EUR/USD.IDEALPRO'}]",False,{}
99815.62,2345.00,97470.62,USD,IDEALPRO-001,MARGIN,,"[{'type': 'MarginBalance', 'initial': '0.00', 'maintenance': '2345.00', 'currency': 'USD', 'instrument_id': 'EUR/USD.IDEALPRO'}]",False,{}
100000.00,0.00,100000.00,EUR,IDEALPRO-001,MARGIN,,"[{'type': 'MarginBalance', 'initial': '0.00', 'maintenance': '2345.00', 'currency': 'USD', 'instrument_id': 'EUR/USD.IDEALPRO'}]",False,{}
99906.27,0.00,99906.27,USD,IDEALPRO-001,MARGIN,,[],False,{}
100000.00,0.00,100000.00,EUR,IDEALPRO-001,MARGIN,,[],False,{}
99906.27,0.00,99906.27,USD,IDEALPRO-001,MARGIN,,[],False,{}
100000.00,0.00,100000.00,EUR,IDEALPRO-001,MARGIN,,[],False,{}
99906.27,0.00,99906.27,USD,IDEALPRO-001,MARGIN,,[],False,{}
100000.00,0.00,100000.00,EUR,IDEALPRO-001,MARGIN,,[],False,{}
99906.27,0.00,99906.27,USD,IDEALPRO-001,MARGIN,,[],False,{}
100000.00,0.00,100000.00,EUR,IDEALPRO-001,MARGIN,,[],False,{}
99906.27,0.00,99906.27,USD,IDEALPRO-001,MARGIN,,[],False,{}
100000.00,0.00,100000.00,EUR,IDEALPRO-001,MARGIN,,[],False,{}
99903.92,0.00,99903.92,USD,IDEALPRO-001,MARGIN,,[],False,{}
100000.00,0.00,100000.00,EUR,IDEALPRO-001,MARGIN,,[],False,{}
99903.92,2348.06,97555.86,USD,IDEALPRO-001,MARGIN,,"[{'type': 'MarginBalance', 'initial': '0.00', 'maintenance': '2348.06', 'currency': 'USD', 'instrument_id': 'EUR/USD.IDEALPRO'}]",False,{}
100000.00,0.00,100000.00,EUR,IDEALPRO-001,MARGIN,,"[{'type': 'MarginBalance', 'initial': '0.00', 'maintenance': '2348.06', 'currency': 'USD', 'instrument_id': 'EUR/USD.IDEALPRO'}]",False,{}
99903.92,2348.06,97555.86,USD,IDEALPRO-001,MARGIN,,"[{'type': 'MarginBalance', 'initial': '0.00', 'maintenance': '2348.06', 'currency': 'USD', 'instrument_id': 'EUR/USD.IDEALPRO'}]",False,{}
100000.00,0.00,100000.00,EUR,IDEALPRO-001,MARGIN,,"[{'type': 'MarginBalance', 'initial': '0.00', 'maintenance': '2348.06', 'currency': 'USD', 'instrument_id': 'EUR/USD.IDEALPRO'}]",False,{}
99903.92,2348.06,97555.86,USD,IDEALPRO-001,MARGIN,,"[{'type': 'MarginBalance', 'initial': '0.00', 'maintenance': '2348.06', 'currency': 'USD', 'instrument_id': 'EUR/USD.IDEALPRO'}]",False,{}
100000.00,0.00,100000.00,EUR,IDEALPRO-001,MARGIN,,"[{'type': 'MarginBalance', 'initial': '0.00', 'maintenance': '2348.06', 'currency': 'USD', 'instrument_id': 'EUR/USD.IDEALPRO'}]",False,{}
99903.92,2348.06,97555.86,USD,IDEALPRO-001,MARGIN,,"[{'type': 'MarginBalance', 'initial': '0.00', 'maintenance': '2348.06', 'currency': 'USD', 'instrument_id': 'EUR/USD.IDEALPRO'}]",False,{}
100000.00,0.00,100000.00,EUR,IDEALPRO-001,MARGIN,,"[{'type': 'MarginBalance', 'initial': '0.00', 'maintenance': '2348.06', 'currency': 'USD', 'instrument_id': 'EUR/USD.IDEALPRO'}]",False,{}
99889.57,0.00,99889.57,USD,IDEALPRO-001,MARGIN,,[],False,{}
100000.00,0.00,100000.00,EUR,IDEALPRO-001,MARGIN,,[],False,{}
99889.57,0.00,99889.57,USD,IDEALPRO-001,MARGIN,,[],False,{}
100000.00,0.00,100000.00,EUR,IDEALPRO-001,MARGIN,,[],False,{}
99889.57,0.00,99889.57,USD,IDEALPRO-001,MARGIN,,[],False,{}
100000.00,0.00,100000.00,EUR,IDEALPRO-001,MARGIN,,[],False,{}
99889.57,0.00,99889.57,USD,IDEALPRO-001,MARGIN,,[],False,{}
100000.00,0.00,100000.00,EUR,IDEALPRO-001,MARGIN,,[],False,{}
99889.57,0.00,99889.57,USD,IDEALPRO-001,MARGIN,,[],False,{}
100000.00,0.00,100000.00,EUR,IDEALPRO-001,MARGIN,,[],False,{}
99887.22,0.00,99887.22,USD,IDEALPRO-001,MARGIN,,[],False,{}
100000.00,0.00,100000.00,EUR,IDEALPRO-001,MARGIN,,[],False,{}
99887.22,2347.60,97539.62,USD,IDEALPRO-001,MARGIN,,"[{'type': 'MarginBalance', 'initial': '0.00', 'maintenance': '2347.60', 'currency': 'USD', 'instrument_id': 'EUR/USD.IDEALPRO'}]",False,{}
100000.00,0.00,100000.00,EUR,IDEALPRO-001,MARGIN,,"[{'type': 'MarginBalance', 'initial': '0.00', 'maintenance': '2347.60', 'currency': 'USD', 'instrument_id': 'EUR/USD.IDEALPRO'}]",False,{}
99887.22,2347.60,97539.62,USD,IDEALPRO-001,MARGIN,,"[{'type': 'MarginBalance', 'initial': '0.00', 'maintenance': '2347.60', 'currency': 'USD', 'instrument_id': 'EUR/USD.IDEALPRO'}]",False,{}
100000.00,0.00,100000.00,EUR,IDEALPRO-001,MARGIN,,"[{'type': 'MarginBalance', 'initial': '0.00', 'maintenance': '2347.60', 'currency': 'USD', 'instrument_id': 'EUR/USD.IDEALPRO'}]",False,{}
99887.22,2347.60,97539.62,USD,IDEALPRO-001,MARGIN,,"[{'type': 'MarginBalance', 'initial': '0.00', 'maintenance': '2347.60', 'currency': 'USD', 'instrument_id': 'EUR/USD.IDEALPRO'}]",False,{}
100000.00,0.00,100000.00,EUR,IDEALPRO-001,MARGIN,,"[{'type': 'MarginBalance', 'initial': '0.00', 'maintenance': '2347.60', 'currency': 'USD', 'instrument_id': 'EUR/USD.IDEALPRO'}]",False,{}
99887.22,2347.60,97539.62,USD,IDEALPRO-001,MARGIN,,"[{'type': 'MarginBalance', 'initial': '0.00', 'maintenance': '2347.60', 'currency': 'USD', 'instrument_id': 'EUR/USD.IDEALPRO'}]",False,{}
100000.00,0.00,100000.00,EUR,IDEALPRO-001,MARGIN,,"[{'type': 'MarginBalance', 'initial': '0.00', 'maintenance': '2347.60', 'currency': 'USD', 'instrument_id': 'EUR/USD.IDEALPRO'}]",False,{}
99758.87,0.00,99758.87,USD,IDEALPRO-001,MARGIN,,[],False,{}
100000.00,0.00,100000.00,EUR,IDEALPRO-001,MARGIN,,[],False,{}
99758.87,0.00,99758.87,USD,IDEALPRO-001,MARGIN,,[],False,{}
100000.00,0.00,100000.00,EUR,IDEALPRO-001,MARGIN,,[],False,{}
99758.87,0.00,99758.87,USD,IDEALPRO-001,MARGIN,,[],False,{}
100000.00,0.00,100000.00,EUR,IDEALPRO-001,MARGIN,,[],False,{}
99758.87,0.00,99758.87,USD,IDEALPRO-001,MARGIN,,[],False,{}
100000.00,0.00,100000.00,EUR,IDEALPRO-001,MARGIN,,[],False,{}
99758.87,0.00,99758.87,USD,IDEALPRO-001,MARGIN,,[],False,{}
100000.00,0.00,100000.00,EUR,IDEALPRO-001,MARGIN,,[],False,{}
99756.53,0.00,99756.53,USD,IDEALPRO-001,MARGIN,,[],False,{}
100000.00,0.00,100000.00,EUR,IDEALPRO-001,MARGIN,,[],False,{}
99756.53,2343.58,97412.95,USD,IDEALPRO-001,MARGIN,,"[{'type': 'MarginBalance', 'initial': '0.00', 'maintenance': '2343.58', 'currency': 'USD', 'instrument_id': 'EUR/USD.IDEALPRO'}]",False,{}
100000.00,0.00,100000.00,EUR,IDEALPRO-001,MARGIN,,"[{'type': 'MarginBalance', 'initial': '0.00', 'maintenance': '2343.58', 'currency': 'USD', 'instrument_id': 'EUR/USD.IDEALPRO'}]",False,{}
99756.53,2343.58,97412.95,USD,IDEALPRO-001,MARGIN,,"[{'type': 'MarginBalance', 'initial': '0.00', 'maintenance': '2343.58', 'currency': 'USD', 'instrument_id': 'EUR/USD.IDEALPRO'}]",False,{}
100000.00,0.00,100000.00,EUR,IDEALPRO-001,MARGIN,,"[{'type': 'MarginBalance', 'initial': '0.00', 'maintenance': '2343.58', 'currency': 'USD', 'instrument_id': 'EUR/USD.IDEALPRO'}]",False,{}
99756.53,2343.58,97412.95,USD,IDEALPRO-001,MARGIN,,"[{'type': 'MarginBalance', 'initial': '0.00', 'maintenance': '2343.58', 'currency': 'USD', 'instrument_id': 'EUR/USD.IDEALPRO'}]",False,{}
100000.00,0.00,100000.00,EUR,IDEALPRO-001,MARGIN,,"[{'type': 'MarginBalance', 'initial': '0.00', 'maintenance': '2343.58', 'currency': 'USD', 'instrument_id': 'EUR/USD.IDEALPRO'}]",False,{}
99756.53,2343.58,97412.95,USD,IDEALPRO-001,MARGIN,,"[{'type': 'MarginBalance', 'initial': '0.00', 'maintenance': '2343.58', 'currency': 'USD', 'instrument_id': 'EUR/USD.IDEALPRO'}]",False,{}
100000.00,0.00,100000.00,EUR,IDEALPRO-001,MARGIN,,"[{'type': 'MarginBalance', 'initial': '0.00', 'maintenance': '2343.58', 'currency': 'USD', 'instrument_id': 'EUR/USD.IDEALPRO'}]",False,{}
99783.19,0.00,99783.19,USD,IDEALPRO-001,MARGIN,,[],False,{}
100000.00,0.00,100000.00,EUR,IDEALPRO-001,MARGIN,,[],False,{}
99783.19,0.00,99783.19,USD,IDEALPRO-001,MARGIN,,[],False,{}
100000.00,0.00,100000.00,EUR,IDEALPRO-001,MARGIN,,[],False,{}
99783.19,0.00,99783.19,USD,IDEALPRO-001,MARGIN,,[],False,{}
100000.00,0.00,100000.00,EUR,IDEALPRO-001,MARGIN,,[],False,{}
99783.19,0.00,99783.19,USD,IDEALPRO-001,MARGIN,,[],False,{}
100000.00,0.00,100000.00,EUR,IDEALPRO-001,MARGIN,,[],False,{}
99783.19,0.00,99783.19,USD,IDEALPRO-001,MARGIN,,[],False,{}
100000.00,0.00,100000.00,EUR,IDEALPRO-001,MARGIN,,[],False,{}
99780.86,0.00,99780.86,USD,IDEALPRO-001,MARGIN,,[],False,{}
100000.00,0.00,100000.00,EUR,IDEALPRO-001,MARGIN,,[],False,{}
99780.86,2334.74,97446.12,USD,IDEALPRO-001,MARGIN,,"[{'type': 'MarginBalance', 'initial': '0.00', 'maintenance': '2334.74', 'currency': 'USD', 'instrument_id': 'EUR/USD.IDEALPRO'}]",False,{}
100000.00,0.00,100000.00,EUR,IDEALPRO-001,MARGIN,,"[{'type': 'MarginBalance', 'initial': '0.00', 'maintenance': '2334.74', 'currency': 'USD', 'instrument_id': 'EUR/USD.IDEALPRO'}]",False,{}
99780.86,2334.74,97446.12,USD,IDEALPRO-001,MARGIN,,"[{'type': 'MarginBalance', 'initial': '0.00', 'maintenance': '2334.74', 'currency': 'USD', 'instrument_id': 'EUR/USD.IDEALPRO'}]",False,{}
100000.00,0.00,100000.00,EUR,IDEALPRO-001,MARGIN,,"[{'type': 'MarginBalance', 'initial': '0.00', 'maintenance': '2334.74', 'currency': 'USD', 'instrument_id': 'EUR/USD.IDEALPRO'}]",False,{}
99780.86,2334.74,97446.12,USD,IDEALPRO-001,MARGIN,,"[{'type': 'MarginBalance', 'initial': '0.00', 'maintenance': '2334.74', 'currency': 'USD', 'instrument_id': 'EUR/USD.IDEALPRO'}]",False,{}
100000.00,0.00,100000.00,EUR,IDEALPRO-001,MARGIN,,"[{'type': 'MarginBalance', 'initial': '0.00', 'maintenance': '2334.74', 'currency': 'USD', 'instrument_id': 'EUR/USD.IDEALPRO'}]",False,{}
99780.86,2334.74,97446.12,USD,IDEALPRO-001,MARGIN,,"[{'type': 'MarginBalance', 'initial': '0.00', 'maintenance': '2334.74', 'currency': 'USD', 'instrument_id': 'EUR/USD.IDEALPRO'}]",False,{}
100000.00,0.00,100000.00,EUR,IDEALPRO-001,MARGIN,,"[{'type': 'MarginBalance', 'initial': '0.00', 'maintenance': '2334.74', 'currency': 'USD', 'instrument_id': 'EUR/USD.IDEALPRO'}]",False,{}
100093.52,0.00,100093.52,USD,IDEALPRO-001,MARGIN,,[],False,{}
100000.00,0.00,100000.00,EUR,IDEALPRO-001,MARGIN,,[],False,{}
100093.52,0.00,100093.52,USD,IDEALPRO-001,MARGIN,,[],False,{}
100000.00,0.00,100000.00,EUR,IDEALPRO-001,MARGIN,,[],False,{}
100093.52,0.00,100093.52,USD,IDEALPRO-001,MARGIN,,[],False,{}
100000.00,0.00,100000.00,EUR,IDEALPRO-001,MARGIN,,[],False,{}
100093.52,0.00,100093.52,USD,IDEALPRO-001,MARGIN,,[],False,{}
100000.00,0.00,100000.00,EUR,IDEALPRO-001,MARGIN,,[],False,{}
100093.52,0.00,100093.52,USD,IDEALPRO-001,MARGIN,,[],False,{}
100000.00,0.00,100000.00,EUR,IDEALPRO-001,MARGIN,,[],False,{}
100091.18,0.00,100091.18,USD,IDEALPRO-001,MARGIN,,[],False,{}
100000.00,0.00,100000.00,EUR,IDEALPRO-001,MARGIN,,[],False,{}
100091.18,2342.44,97748.74,USD,IDEALPRO-001,MARGIN,,"[{'type': 'MarginBalance', 'initial': '0.00', 'maintenance': '2342.44', 'currency': 'USD', 'instrument_id': 'EUR/USD.IDEALPRO'}]",False,{}
100000.00,0.00,100000.00,EUR,IDEALPRO-001,MARGIN,,"[{'type': 'MarginBalance', 'initial': '0.00', 'maintenance': '2342.44', 'currency': 'USD', 'instrument_id': 'EUR/USD.IDEALPRO'}]",False,{}
100091.18,2342.44,97748.74,USD,IDEALPRO-001,MARGIN,,"[{'type': 'MarginBalance', 'initial': '0.00', 'maintenance': '2342.44', 'currency': 'USD', 'instrument_id': 'EUR/USD.IDEALPRO'}]",False,{}
100000.00,0.00,100000.00,EUR,IDEALPRO-001,MARGIN,,"[{'type': 'MarginBalance', 'initial': '0.00', 'maintenance': '2342.44', 'currency': 'USD', 'instrument_id': 'EUR/USD.IDEALPRO'}]",False,{}
100091.18,2342.44,97748.74,USD,IDEALPRO-001,MARGIN,,"[{'type': 'MarginBalance', 'initial': '0.00', 'maintenance': '2342.44', 'currency': 'USD', 'instrument_id': 'EUR/USD.IDEALPRO'}]",False,{}
100000.00,0.00,100000.00,EUR,IDEALPRO-001,MARGIN,,"[{'type': 'MarginBalance', 'initial': '0.00', 'maintenance': '2342.44', 'currency': 'USD', 'instrument_id': 'EUR/USD.IDEALPRO'}]",False,{}
100091.18,2342.44,97748.74,USD,IDEALPRO-001,MARGIN,,"[{'type': 'MarginBalance', 'initial': '0.00', 'maintenance': '2342.44', 'currency': 'USD', 'instrument_id': 'EUR/USD.IDEALPRO'}]",False,{}
100000.00,0.00,100000.00,EUR,IDEALPRO-001,MARGIN,,"[{'type': 'MarginBalance', 'initial': '0.00', 'maintenance': '2342.44', 'currency': 'USD', 'instrument_id': 'EUR/USD.IDEALPRO'}]",False,{}
100082.84,0.00,100082.84,USD,IDEALPRO-001,MARGIN,,[],False,{}
100000.00,0.00,100000.00,EUR,IDEALPRO-001,MARGIN,,[],False,{}
100082.84,0.00,100082.84,USD,IDEALPRO-001,MARGIN,,[],False,{}
100000.00,0.00,100000.00,EUR,IDEALPRO-001,MARGIN,,[],False,{}
100082.84,0.00,100082.84,USD,IDEALPRO-001,MARGIN,,[],False,{}
100000.00,0.00,100000.00,EUR,IDEALPRO-001,MARGIN,,[],False,{}
100082.84,0.00,100082.84,USD,IDEALPRO-001,MARGIN,,[],False,{}
100000.00,0.00,100000.00,EUR,IDEALPRO-001,MARGIN,,[],False,{}
100082.84,0.00,100082.84,USD,IDEALPRO-001,MARGIN,,[],False,{}
100000.00,0.00,100000.00,EUR,IDEALPRO-001,MARGIN,,[],False,{}
100080.50,0.00,100080.50,USD,IDEALPRO-001,MARGIN,,[],False,{}
100000.00,0.00,100000.00,EUR,IDEALPRO-001,MARGIN,,[],False,{}
100080.50,2340.94,97739.56,USD,IDEALPRO-001,MARGIN,,"[{'type': 'MarginBalance', 'initial': '0.00', 'maintenance': '2340.94', 'currency': 'USD', 'instrument_id': 'EUR/USD.IDEALPRO'}]",False,{}
100000.00,0.00,100000.00,EUR,IDEALPRO-001,MARGIN,,"[{'type': 'MarginBalance', 'initial': '0.00', 'maintenance': '2340.94', 'currency': 'USD', 'instrument_id': 'EUR/USD.IDEALPRO'}]",False,{}
100080.50,2340.94,97739.56,USD,IDEALPRO-001,MARGIN,,"[{'type': 'MarginBalance', 'initial': '0.00', 'maintenance': '2340.94', 'currency': 'USD', 'instrument_id': 'EUR/USD.IDEALPRO'}]",False,{}
100000.00,0.00,100000.00,EUR,IDEALPRO-001,MARGIN,,"[{'type': 'MarginBalance', 'initial': '0.00', 'maintenance': '2340.94', 'currency': 'USD', 'instrument_id': 'EUR/USD.IDEALPRO'}]",False,{}
100080.50,2340.94,97739.56,USD,IDEALPRO-001,MARGIN,,"[{'type': 'MarginBalance', 'initial': '0.00', 'maintenance': '2340.94', 'currency': 'USD', 'instrument_id': 'EUR/USD.IDEALPRO'}]",False,{}
100000.00,0.00,100000.00,EUR,IDEALPRO-001,MARGIN,,"[{'type': 'MarginBalance', 'initial': '0.00', 'maintenance': '2340.94', 'currency': 'USD', 'instrument_id': 'EUR/USD.IDEALPRO'}]",False,{}
100080.50,2340.94,97739.56,USD,IDEALPRO-001,MARGIN,,"[{'type': 'MarginBalance', 'initial': '0.00', 'maintenance': '2340.94', 'currency': 'USD', 'instrument_id': 'EUR/USD.IDEALPRO'}]",False,{}
100000.00,0.00,100000.00,EUR,IDEALPRO-001,MARGIN,,"[{'type': 'MarginBalance', 'initial': '0.00', 'maintenance': '2340.94', 'currency': 'USD', 'instrument_id': 'EUR/USD.IDEALPRO'}]",False,{}
99999.16,0.00,99999.16,USD,IDEALPRO-001,MARGIN,,[],False,{}
100000.00,0.00,100000.00,EUR,IDEALPRO-001,MARGIN,,[],False,{}
99999.16,0.00,99999.16,USD,IDEALPRO-001,MARGIN,,[],False,{}
100000.00,0.00,100000.00,EUR,IDEALPRO-001,MARGIN,,[],False,{}
99999.16,0.00,99999.16,USD,IDEALPRO-001,MARGIN,,[],False,{}
100000.00,0.00,100000.00,EUR,IDEALPRO-001,MARGIN,,[],False,{}
99999.16,0.00,99999.16,USD,IDEALPRO-001,MARGIN,,[],False,{}
100000.00,0.00,100000.00,EUR,IDEALPRO-001,MARGIN,,[],False,{}
99999.16,0.00,99999.16,USD,IDEALPRO-001,MARGIN,,[],False,{}
100000.00,0.00,100000.00,EUR,IDEALPRO-001,MARGIN,,[],False,{}
99996.83,0.00,99996.83,USD,IDEALPRO-001,MARGIN,,[],False,{}
100000.00,0.00,100000.00,EUR,IDEALPRO-001,MARGIN,,[],False,{}
99996.83,2334.46,97662.37,USD,IDEALPRO-001,MARGIN,,"[{'type': 'MarginBalance', 'initial': '0.00', 'maintenance': '2334.46', 'currency': 'USD', 'instrument_id': 'EUR/USD.IDEALPRO'}]",False,{}
100000.00,0.00,100000.00,EUR,IDEALPRO-001,MARGIN,,"[{'type': 'MarginBalance', 'initial': '0.00', 'maintenance': '2334.46', 'currency': 'USD', 'instrument_id': 'EUR/USD.IDEALPRO'}]",False,{}
99996.83,2334.46,97662.37,USD,IDEALPRO-001,MARGIN,,"[{'type': 'MarginBalance', 'initial': '0.00', 'maintenance': '2334.46', 'currency': 'USD', 'instrument_id': 'EUR/USD.IDEALPRO'}]",False,{}
100000.00,0.00,100000.00,EUR,IDEALPRO-001,MARGIN,,"[{'type': 'MarginBalance', 'initial': '0.00', 'maintenance': '2334.46', 'currency': 'USD', 'instrument_id': 'EUR/USD.IDEALPRO'}]",False,{}
99996.83,2334.46,97662.37,USD,IDEALPRO-001,MARGIN,,"[{'type': 'MarginBalance', 'initial': '0.00', 'maintenance': '2334.46', 'currency': 'USD', 'instrument_id': 'EUR/USD.IDEALPRO'}]",False,{}
100000.00,0.00,100000.00,EUR,IDEALPRO-001,MARGIN,,"[{'type': 'MarginBalance', 'initial': '0.00', 'maintenance': '2334.46', 'currency': 'USD', 'instrument_id': 'EUR/USD.IDEALPRO'}]",False,{}
99996.83,2334.46,97662.37,USD,IDEALPRO-001,MARGIN,,"[{'type': 'MarginBalance', 'initial': '0.00', 'maintenance': '2334.46', 'currency': 'USD', 'instrument_id': 'EUR/USD.IDEALPRO'}]",False,{}
100000.00,0.00,100000.00,EUR,IDEALPRO-001,MARGIN,,"[{'type': 'MarginBalance', 'initial': '0.00', 'maintenance': '2334.46', 'currency': 'USD', 'instrument_id': 'EUR/USD.IDEALPRO'}]",False,{}
99856.50,0.00,99856.50,USD,IDEALPRO-001,MARGIN,,[],False,{}
100000.00,0.00,100000.00,EUR,IDEALPRO-001,MARGIN,,[],False,{}
99856.50,0.00,99856.50,USD,IDEALPRO-001,MARGIN,,[],False,{}
100000.00,0.00,100000.00,EUR,IDEALPRO-001,MARGIN,,[],False,{}
99856.50,0.00,99856.50,USD,IDEALPRO-001,MARGIN,,[],False,{}
100000.00,0.00,100000.00,EUR,IDEALPRO-001,MARGIN,,[],False,{}
99856.50,0.00,99856.50,USD,IDEALPRO-001,MARGIN,,[],False,{}
100000.00,0.00,100000.00,EUR,IDEALPRO-001,MARGIN,,[],False,{}
99856.50,0.00,99856.50,USD,IDEALPRO-001,MARGIN,,[],False,{}
100000.00,0.00,100000.00,EUR,IDEALPRO-001,MARGIN,,[],False,{}
99854.17,0.00,99854.17,USD,IDEALPRO-001,MARGIN,,[],False,{}
100000.00,0.00,100000.00,EUR,IDEALPRO-001,MARGIN,,[],False,{}
99854.17,2333.10,97521.07,USD,IDEALPRO-001,MARGIN,,"[{'type': 'MarginBalance', 'initial': '0.00', 'maintenance': '2333.10', 'currency': 'USD', 'instrument_id': 'EUR/USD.IDEALPRO'}]",False,{}
100000.00,0.00,100000.00,EUR,IDEALPRO-001,MARGIN,,"[{'type': 'MarginBalance', 'initial': '0.00', 'maintenance': '2333.10', 'currency': 'USD', 'instrument_id': 'EUR/USD.IDEALPRO'}]",False,{}
99854.17,2333.10,97521.07,USD,IDEALPRO-001,MARGIN,,"[{'type': 'MarginBalance', 'initial': '0.00', 'maintenance': '2333.10', 'currency': 'USD', 'instrument_id': 'EUR/USD.IDEALPRO'}]",False,{}
100000.00,0.00,100000.00,EUR,IDEALPRO-001,MARGIN,,"[{'type': 'MarginBalance', 'initial': '0.00', 'maintenance': '2333.10', 'currency': 'USD', 'instrument_id': 'EUR/USD.IDEALPRO'}]",False,{}
99854.17,2333.10,97521.07,USD,IDEALPRO-001,MARGIN,,"[{'type': 'MarginBalance', 'initial': '0.00', 'maintenance': '2333.10', 'currency': 'USD', 'instrument_id': 'EUR/USD.IDEALPRO'}]",False,{}
100000.00,0.00,100000.00,EUR,IDEALPRO-001,MARGIN,,"[{'type': 'MarginBalance', 'initial': '0.00', 'maintenance': '2333.10', 'currency': 'USD', 'instrument_id': 'EUR/USD.IDEALPRO'}]",False,{}
99854.17,2333.10,97521.07,USD,IDEALPRO-001,MARGIN,,"[{'type': 'MarginBalance', 'initial': '0.00', 'maintenance': '2333.10', 'currency': 'USD', 'instrument_id': 'EUR/USD.IDEALPRO'}]",False,{}
100000.00,0.00,100000.00,EUR,IDEALPRO-001,MARGIN,,"[{'type': 'MarginBalance', 'initial': '0.00', 'maintenance': '2333.10', 'currency': 'USD', 'instrument_id': 'EUR/USD.IDEALPRO'}]",False,{}
99772.84,0.00,99772.84,USD,IDEALPRO-001,MARGIN,,[],False,{}
100000.00,0.00,100000.00,EUR,IDEALPRO-001,MARGIN,,[],False,{}
99772.84,0.00,99772.84,USD,IDEALPRO-001,MARGIN,,[],False,{}
100000.00,0.00,100000.00,EUR,IDEALPRO-001,MARGIN,,[],False,{}
99772.84,0.00,99772.84,USD,IDEALPRO-001,MARGIN,,[],False,{}
100000.00,0.00,100000.00,EUR,IDEALPRO-001,MARGIN,,[],False,{}
99772.84,0.00,99772.84,USD,IDEALPRO-001,MARGIN,,[],False,{}
100000.00,0.00,100000.00,EUR,IDEALPRO-001,MARGIN,,[],False,{}
99772.84,0.00,99772.84,USD,IDEALPRO-001,MARGIN,,[],False,{}
100000.00,0.00,100000.00,EUR,IDEALPRO-001,MARGIN,,[],False,{}
99770.51,0.00,99770.51,USD,IDEALPRO-001,MARGIN,,[],False,{}
100000.00,0.00,100000.00,EUR,IDEALPRO-001,MARGIN,,[],False,{}
99770.51,2334.90,97435.61,USD,IDEALPRO-001,MARGIN,,"[{'type': 'MarginBalance', 'initial': '0.00', 'maintenance': '2334.90', 'currency': 'USD', 'instrument_id': 'EUR/USD.IDEALPRO'}]",False,{}
100000.00,0.00,100000.00,EUR,IDEALPRO-001,MARGIN,,"[{'type': 'MarginBalance', 'initial': '0.00', 'maintenance': '2334.90', 'currency': 'USD', 'instrument_id': 'EUR/USD.IDEALPRO'}]",False,{}
99770.51,2334.90,97435.61,USD,IDEALPRO-001,MARGIN,,"[{'type': 'MarginBalance', 'initial': '0.00', 'maintenance': '2334.90', 'currency': 'USD', 'instrument_id': 'EUR/USD.IDEALPRO'}]",False,{}
100000.00,0.00,100000.00,EUR,IDEALPRO-001,MARGIN,,"[{'type': 'MarginBalance', 'initial': '0.00', 'maintenance': '2334.90', 'currency': 'USD', 'instrument_id': 'EUR/USD.IDEALPRO'}]",False,{}
99770.51,2334.90,97435.61,USD,IDEALPRO-001,MARGIN,,"[{'type': 'MarginBalance', 'initial': '0.00', 'maintenance': '2334.90', 'currency': 'USD', 'instrument_id': 'EUR/USD.IDEALPRO'}]",False,{}
100000.00,0.00,100000.00,EUR,IDEALPRO-001,MARGIN,,"[{'type': 'MarginBalance', 'initial': '0.00', 'maintenance': '2334.90', 'currency': 'USD', 'instrument_id': 'EUR/USD.IDEALPRO'}]",False,{}
99770.51,2334.90,97435.61,USD,IDEALPRO-001,MARGIN,,"[{'type': 'MarginBalance', 'initial': '0.00', 'maintenance': '2334.90', 'currency': 'USD', 'instrument_id': 'EUR/USD.IDEALPRO'}]",False,{}
100000.00,0.00,100000.00,EUR,IDEALPRO-001,MARGIN,,"[{'type': 'MarginBalance', 'initial': '0.00', 'maintenance': '2334.90', 'currency': 'USD', 'instrument_id': 'EUR/USD.IDEALPRO'}]",False,{}
99744.18,0.00,99744.18,USD,IDEALPRO-001,MARGIN,,[],False,{}
100000.00,0.00,100000.00,EUR,IDEALPRO-001,MARGIN,,[],False,{}
99744.18,0.00,99744.18,USD,IDEALPRO-001,MARGIN,,[],False,{}
100000.00,0.00,100000.00,EUR,IDEALPRO-001,MARGIN,,[],False,{}
99744.18,0.00,99744.18,USD,IDEALPRO-001,MARGIN,,[],False,{}
100000.00,0.00,100000.00,EUR,IDEALPRO-001,MARGIN,,[],False,{}
99744.18,0.00,99744.18,USD,IDEALPRO-001,MARGIN,,[],False,{}
100000.00,0.00,100000.00,EUR,IDEALPRO-001,MARGIN,,[],False,{}
99744.18,0.00,99744.18,USD,IDEALPRO-001,MARGIN,,[],False,{}
100000.00,0.00,100000.00,EUR,IDEALPRO-001,MARGIN,,[],False,{}
99741.85,0.00,99741.85,USD,IDEALPRO-001,MARGIN,,[],False,{}
100000.00,0.00,100000.00,EUR,IDEALPRO-001,MARGIN,,[],False,{}
99741.85,2331.48,97410.37,USD,IDEALPRO-001,MARGIN,,"[{'type': 'MarginBalance', 'initial': '0.00', 'maintenance': '2331.48', 'currency': 'USD', 'instrument_id': 'EUR/USD.IDEALPRO'}]",False,{}
100000.00,0.00,100000.00,EUR,IDEALPRO-001,MARGIN,,"[{'type': 'MarginBalance', 'initial': '0.00', 'maintenance': '2331.48', 'currency': 'USD', 'instrument_id': 'EUR/USD.IDEALPRO'}]",False,{}
99741.85,2331.48,97410.37,USD,IDEALPRO-001,MARGIN,,"[{'type': 'MarginBalance', 'initial': '0.00', 'maintenance': '2331.48', 'currency': 'USD', 'instrument_id': 'EUR/USD.IDEALPRO'}]",False,{}
100000.00,0.00,100000.00,EUR,IDEALPRO-001,MARGIN,,"[{'type': 'MarginBalance', 'initial': '0.00', 'maintenance': '2331.48', 'currency': 'USD', 'instrument_id': 'EUR/USD.IDEALPRO'}]",False,{}
99741.85,2331.48,97410.37,USD,IDEALPRO-001,MARGIN,,"[{'type': 'MarginBalance', 'initial': '0.00', 'maintenance': '2331.48', 'currency': 'USD', 'instrument_id': 'EUR/USD.IDEALPRO'}]",False,{}
100000.00,0.00,100000.00,EUR,IDEALPRO-001,MARGIN,,"[{'type': 'MarginBalance', 'initial': '0.00', 'maintenance': '2331.48', 'currency': 'USD', 'instrument_id': 'EUR/USD.IDEALPRO'}]",False,{}
99741.85,2331.48,97410.37,USD,IDEALPRO-001,MARGIN,,"[{'type': 'MarginBalance', 'initial': '0.00', 'maintenance': '2331.48', 'currency': 'USD', 'instrument_id': 'EUR/USD.IDEALPRO'}]",False,{}
100000.00,0.00,100000.00,EUR,IDEALPRO-001,MARGIN,,"[{'type': 'MarginBalance', 'initial': '0.00', 'maintenance': '2331.48', 'currency': 'USD', 'instrument_id': 'EUR/USD.IDEALPRO'}]",False,{}
99709.52,0.00,99709.52,USD,IDEALPRO-001,MARGIN,,[],False,{}
100000.00,0.00,100000.00,EUR,IDEALPRO-001,MARGIN,,[],False,{}
99709.52,0.00,99709.52,USD,IDEALPRO-001,MARGIN,,[],False,{}
100000.00,0.00,100000.00,EUR,IDEALPRO-001,MARGIN,,[],False,{}
99709.52,0.00,99709.52,USD,IDEALPRO-001,MARGIN,,[],False,{}
100000.00,0.00,100000.00,EUR,IDEALPRO-001,MARGIN,,[],False,{}
99709.52,0.00,99709.52,USD,IDEALPRO-001,MARGIN,,[],False,{}
100000.00,0.00,100000.00,EUR,IDEALPRO-001,MARGIN,,[],False,{}
99709.52,0.00,99709.52,USD,IDEALPRO-001,MARGIN,,[],False,{}
100000.00,0.00,100000.00,EUR,IDEALPRO-001,MARGIN,,[],False,{}
99707.20,0.00,99707.20,USD,IDEALPRO-001,MARGIN,,[],False,{}
100000.00,0.00,100000.00,EUR,IDEALPRO-001,MARGIN,,[],False,{}
99707.20,2322.40,97384.80,USD,IDEALPRO-001,MARGIN,,"[{'type': 'MarginBalance', 'initial': '0.00', 'maintenance': '2322.40', 'currency': 'USD', 'instrument_id': 'EUR/USD.IDEALPRO'}]",False,{}
100000.00,0.00,100000.00,EUR,IDEALPRO-001,MARGIN,,"[{'type': 'MarginBalance', 'initial': '0.00', 'maintenance': '2322.40', 'currency': 'USD', 'instrument_id': 'EUR/USD.IDEALPRO'}]",False,{}
99707.20,2322.40,97384.80,USD,IDEALPRO-001,MARGIN,,"[{'type': 'MarginBalance', 'initial': '0.00', 'maintenance': '2322.40', 'currency': 'USD', 'instrument_id': 'EUR/USD.IDEALPRO'}]",False,{}
100000.00,0.00,100000.00,EUR,IDEALPRO-001,MARGIN,,"[{'type': 'MarginBalance', 'initial': '0.00', 'maintenance': '2322.40', 'currency': 'USD', 'instrument_id': 'EUR/USD.IDEALPRO'}]",False,{}
99707.20,2322.40,97384.80,USD,IDEALPRO-001,MARGIN,,"[{'type': 'MarginBalance', 'initial': '0.00', 'maintenance': '2322.40', 'currency': 'USD', 'instrument_id': 'EUR/USD.IDEALPRO'}]",False,{}
100000.00,0.00,100000.00,EUR,IDEALPRO-001,MARGIN,,"[{'type': 'MarginBalance', 'initial': '0.00', 'maintenance': '2322.40', 'currency': 'USD', 'instrument_id': 'EUR/USD.IDEALPRO'}]",False,{}
99707.20,2322.40,97384.80,USD,IDEALPRO-001,MARGIN,,"[{'type': 'MarginBalance', 'initial': '0.00', 'maintenance': '2322.40', 'currency': 'USD', 'instrument_id': 'EUR/USD.IDEALPRO'}]",False,{}
100000.00,0.00,100000.00,EUR,IDEALPRO-001,MARGIN,,"[{'type': 'MarginBalance', 'initial': '0.00', 'maintenance': '2322.40', 'currency': 'USD', 'instrument_id': 'EUR/USD.IDEALPRO'}]",False,{}
99709.88,0.00,99709.88,USD,IDEALPRO-001,MARGIN,,[],False,{}
100000.00,0.00,100000.00,EUR,IDEALPRO-001,MARGIN,,[],False,{}
99709.88,0.00,99709.88,USD,IDEALPRO-001,MARGIN,,[],False,{}
100000.00,0.00,100000.00,EUR,IDEALPRO-001,MARGIN,,[],False,{}
99709.88,0.00,99709.88,USD,IDEALPRO-001,MARGIN,,[],False,{}
100000.00,0.00,100000.00,EUR,IDEALPRO-001,MARGIN,,[],False,{}
99709.88,0.00,99709.88,USD,IDEALPRO-001,MARGIN,,[],False,{}
100000.00,0.00,100000.00,EUR,IDEALPRO-001,MARGIN,,[],False,{}
99709.88,0.00,99709.88,USD,IDEALPRO-001,MARGIN,,[],False,{}
100000.00,0.00,100000.00,EUR,IDEALPRO-001,MARGIN,,[],False,{}
99707.55,0.00,99707.55,USD,IDEALPRO-001,MARGIN,,[],False,{}
100000.00,0.00,100000.00,EUR,IDEALPRO-001,MARGIN,,[],False,{}
99707.55,2325.46,97382.09,USD,IDEALPRO-001,MARGIN,,"[{'type': 'MarginBalance', 'initial': '0.00', 'maintenance': '2325.46', 'currency': 'USD', 'instrument_id': 'EUR/USD.IDEALPRO'}]",False,{}
100000.00,0.00,100000.00,EUR,IDEALPRO-001,MARGIN,,"[{'type': 'MarginBalance', 'initial': '0.00', 'maintenance': '2325.46', 'currency': 'USD', 'instrument_id': 'EUR/USD.IDEALPRO'}]",False,{}
99707.55,2325.46,97382.09,USD,IDEALPRO-001,MARGIN,,"[{'type': 'MarginBalance', 'initial': '0.00', 'maintenance': '2325.46', 'currency': 'USD', 'instrument_id': 'EUR/USD.IDEALPRO'}]",False,{}
100000.00,0.00,100000.00,EUR,IDEALPRO-001,MARGIN,,"[{'type': 'MarginBalance', 'initial': '0.00', 'maintenance': '2325.46', 'currency': 'USD', 'instrument_id': 'EUR/USD.IDEALPRO'}]",False,{}
99707.55,2325.46,97382.09,USD,IDEALPRO-001,MARGIN,,"[{'type': 'MarginBalance', 'initial': '0.00', 'maintenance': '2325.46', 'currency': 'USD', 'instrument_id': 'EUR/USD.IDEALPRO'}]",False,{}
100000.00,0.00,100000.00,EUR,IDEALPRO-001,MARGIN,,"[{'type': 'MarginBalance', 'initial': '0.00', 'maintenance': '2325.46', 'currency': 'USD', 'instrument_id': 'EUR/USD.IDEALPRO'}]",False,{}
99707.55,2325.46,97382.09,USD,IDEALPRO-001,MARGIN,,"[{'type': 'MarginBalance', 'initial': '0.00', 'maintenance': '2325.46', 'currency': 'USD', 'instrument_id': 'EUR/USD.IDEALPRO'}]",False,{}
100000.00,0.00,100000.00,EUR,IDEALPRO-001,MARGIN,,"[{'type': 'MarginBalance', 'initial': '0.00', 'maintenance': '2325.46', 'currency': 'USD', 'instrument_id': 'EUR/USD.IDEALPRO'}]",False,{}
99740.22,0.00,99740.22,USD,IDEALPRO-001,MARGIN,,[],False,{}
100000.00,0.00,100000.00,EUR,IDEALPRO-001,MARGIN,,[],False,{}
99740.22,0.00,99740.22,USD,IDEALPRO-001,MARGIN,,[],False,{}
100000.00,0.00,100000.00,EUR,IDEALPRO-001,MARGIN,,[],False,{}
99740.22,0.00,99740.22,USD,IDEALPRO-001,MARGIN,,[],False,{}
100000.00,0.00,100000.00,EUR,IDEALPRO-001,MARGIN,,[],False,{}
99740.22,0.00,99740.22,USD,IDEALPRO-001,MARGIN,,[],False,{}
100000.00,0.00,100000.00,EUR,IDEALPRO-001,MARGIN,,[],False,{}
99740.22,0.00,99740.22,USD,IDEALPRO-001,MARGIN,,[],False,{}
100000.00,0.00,100000.00,EUR,IDEALPRO-001,MARGIN,,[],False,{}
99737.90,0.00,99737.90,USD,IDEALPRO-001,MARGIN,,[],False,{}
100000.00,0.00,100000.00,EUR,IDEALPRO-001,MARGIN,,[],False,{}
99737.90,2323.72,97414.18,USD,IDEALPRO-001,MARGIN,,"[{'type': 'MarginBalance', 'initial': '0.00', 'maintenance': '2323.72', 'currency': 'USD', 'instrument_id': 'EUR/USD.IDEALPRO'}]",False,{}
100000.00,0.00,100000.00,EUR,IDEALPRO-001,MARGIN,,"[{'type': 'MarginBalance', 'initial': '0.00', 'maintenance': '2323.72', 'currency': 'USD', 'instrument_id': 'EUR/USD.IDEALPRO'}]",False,{}
99737.90,2323.72,97414.18,USD,IDEALPRO-001,MARGIN,,"[{'type': 'MarginBalance', 'initial': '0.00', 'maintenance': '2323.72', 'currency': 'USD', 'instrument_id': 'EUR/USD.IDEALPRO'}]",False,{}
100000.00,0.00,100000.00,EUR,IDEALPRO-001,MARGIN,,"[{'type': 'MarginBalance', 'initial': '0.00', 'maintenance': '2323.72', 'currency': 'USD', 'instrument_id': 'EUR/USD.IDEALPRO'}]",False,{}
99737.90,2323.72,97414.18,USD,IDEALPRO-001,MARGIN,,"[{'type': 'MarginBalance', 'initial': '0.00', 'maintenance': '2323.72', 'currency': 'USD', 'instrument_id': 'EUR/USD.IDEALPRO'}]",False,{}
100000.00,0.00,100000.00,EUR,IDEALPRO-001,MARGIN,,"[{'type': 'MarginBalance', 'initial': '0.00', 'maintenance': '2323.72', 'currency': 'USD', 'instrument_id': 'EUR/USD.IDEALPRO'}]",False,{}
99737.90,2323.72,97414.18,USD,IDEALPRO-001,MARGIN,,"[{'type': 'MarginBalance', 'initial': '0.00', 'maintenance': '2323.72', 'currency': 'USD', 'instrument_id': 'EUR/USD.IDEALPRO'}]",False,{}
100000.00,0.00,100000.00,EUR,IDEALPRO-001,MARGIN,,"[{'type': 'MarginBalance', 'initial': '0.00', 'maintenance': '2323.72', 'currency': 'USD', 'instrument_id': 'EUR/USD.IDEALPRO'}]",False,{}
99838.57,0.00,99838.57,USD,IDEALPRO-001,MARGIN,,[],False,{}
100000.00,0.00,100000.00,EUR,IDEALPRO-001,MARGIN,,[],False,{}
99838.57,0.00,99838.57,USD,IDEALPRO-001,MARGIN,,[],False,{}
100000.00,0.00,100000.00,EUR,IDEALPRO-001,MARGIN,,[],False,{}
99838.57,0.00,99838.57,USD,IDEALPRO-001,MARGIN,,[],False,{}
100000.00,0.00,100000.00,EUR,IDEALPRO-001,MARGIN,,[],False,{}
99838.57,0.00,99838.57,USD,IDEALPRO-001,MARGIN,,[],False,{}
100000.00,0.00,100000.00,EUR,IDEALPRO-001,MARGIN,,[],False,{}
99838.57,0.00,99838.57,USD,IDEALPRO-001,MARGIN,,[],False,{}
100000.00,0.00,100000.00,EUR,IDEALPRO-001,MARGIN,,[],False,{}
99836.24,0.00,99836.24,USD,IDEALPRO-001,MARGIN,,[],False,{}
100000.00,0.00,100000.00,EUR,IDEALPRO-001,MARGIN,,[],False,{}
99836.24,2327.48,97508.76,USD,IDEALPRO-001,MARGIN,,"[{'type': 'MarginBalance', 'initial': '0.00', 'maintenance': '2327.48', 'currency': 'USD', 'instrument_id': 'EUR/USD.IDEALPRO'}]",False,{}
100000.00,0.00,100000.00,EUR,IDEALPRO-001,MARGIN,,"[{'type': 'MarginBalance', 'initial': '0.00', 'maintenance': '2327.48', 'currency': 'USD', 'instrument_id': 'EUR/USD.IDEALPRO'}]",False,{}
99836.24,2327.48,97508.76,USD,IDEALPRO-001,MARGIN,,"[{'type': 'MarginBalance', 'initial': '0.00', 'maintenance': '2327.48', 'currency': 'USD', 'instrument_id': 'EUR/USD.IDEALPRO'}]",False,{}
100000.00,0.00,100000.00,EUR,IDEALPRO-001,MARGIN,,"[{'type': 'MarginBalance', 'initial': '0.00', 'maintenance': '2327.48', 'currency': 'USD', 'instrument_id': 'EUR/USD.IDEALPRO'}]",False,{}
99836.24,2327.48,97508.76,USD,IDEALPRO-001,MARGIN,,"[{'type': 'MarginBalance', 'initial': '0.00', 'maintenance': '2327.48', 'currency': 'USD', 'instrument_id': 'EUR/USD.IDEALPRO'}]",False,{}
100000.00,0.00,100000.00,EUR,IDEALPRO-001,MARGIN,,"[{'type': 'MarginBalance', 'initial': '0.00', 'maintenance': '2327.48', 'currency': 'USD', 'instrument_id': 'EUR/USD.IDEALPRO'}]",False,{}
99836.24,2327.48,97508.76,USD,IDEALPRO-001,MARGIN,,"[{'type': 'MarginBalance', 'initial': '0.00', 'maintenance': '2327.48', 'currency': 'USD', 'instrument_id': 'EUR/USD.IDEALPRO'}]",False,{}
100000.00,0.00,100000.00,EUR,IDEALPRO-001,MARGIN,,"[{'type': 'MarginBalance', 'initial': '0.00', 'maintenance': '2327.48', 'currency': 'USD', 'instrument_id': 'EUR/USD.IDEALPRO'}]",False,{}
99868.91,0.00,99868.91,USD,IDEALPRO-001,MARGIN,,[],False,{}
100000.00,0.00,100000.00,EUR,IDEALPRO-001,MARGIN,,[],False,{}
99868.91,0.00,99868.91,USD,IDEALPRO-001,MARGIN,,[],False,{}
100000.00,0.00,100000.00,EUR,IDEALPRO-001,MARGIN,,[],False,{}
99868.91,0.00,99868.91,USD,IDEALPRO-001,MARGIN,,[],False,{}
100000.00,0.00,100000.00,EUR,IDEALPRO-001,MARGIN,,[],False,{}
99868.91,0.00,99868.91,USD,IDEALPRO-001,MARGIN,,[],False,{}
100000.00,0.00,100000.00,EUR,IDEALPRO-001,MARGIN,,[],False,{}
99868.91,0.00,99868.91,USD,IDEALPRO-001,MARGIN,,[],False,{}
100000.00,0.00,100000.00,EUR,IDEALPRO-001,MARGIN,,[],False,{}
99866.59,0.00,99866.59,USD,IDEALPRO-001,MARGIN,,[],False,{}
100000.00,0.00,100000.00,EUR,IDEALPRO-001,MARGIN,,[],False,{}
99866.59,2324.42,97542.17,USD,IDEALPRO-001,MARGIN,,"[{'type': 'MarginBalance', 'initial': '0.00', 'maintenance': '2324.42', 'currency': 'USD', 'instrument_id': 'EUR/USD.IDEALPRO'}]",False,{}
100000.00,0.00,100000.00,EUR,IDEALPRO-001,MARGIN,,"[{'type': 'MarginBalance', 'initial': '0.00', 'maintenance': '2324.42', 'currency': 'USD', 'instrument_id': 'EUR/USD.IDEALPRO'}]",False,{}
99866.59,2324.42,97542.17,USD,IDEALPRO-001,MARGIN,,"[{'type': 'MarginBalance', 'initial': '0.00', 'maintenance': '2324.42', 'currency': 'USD', 'instrument_id': 'EUR/USD.IDEALPRO'}]",False,{}
100000.00,0.00,100000.00,EUR,IDEALPRO-001,MARGIN,,"[{'type': 'MarginBalance', 'initial': '0.00', 'maintenance': '2324.42', 'currency': 'USD', 'instrument_id': 'EUR/USD.IDEALPRO'}]",False,{}
99866.59,2324.42,97542.17,USD,IDEALPRO-001,MARGIN,,"[{'type': 'MarginBalance', 'initial': '0.00', 'maintenance': '2324.42', 'currency': 'USD', 'instrument_id': 'EUR/USD.IDEALPRO'}]",False,{}
100000.00,0.00,100000.00,EUR,IDEALPRO-001,MARGIN,,"[{'type': 'MarginBalance', 'initial': '0.00', 'maintenance': '2324.42', 'currency': 'USD', 'instrument_id': 'EUR/USD.IDEALPRO'}]",False,{}
99866.59,2324.42,97542.17,USD,IDEALPRO-001,MARGIN,,"[{'type': 'MarginBalance', 'initial': '0.00', 'maintenance': '2324.42', 'currency': 'USD', 'instrument_id': 'EUR/USD.IDEALPRO'}]",False,{}
100000.00,0.00,100000.00,EUR,IDEALPRO-001,MARGIN,,"[{'type': 'MarginBalance', 'initial': '0.00', 'maintenance': '2324.42', 'currency': 'USD', 'instrument_id': 'EUR/USD.IDEALPRO'}]",False,{}
99824.27,0.00,99824.27,USD,IDEALPRO-001,MARGIN,,[],False,{}
100000.00,0.00,100000.00,EUR,IDEALPRO-001,MARGIN,,[],False,{}
99824.27,0.00,99824.27,USD,IDEALPRO-001,MARGIN,,[],False,{}
100000.00,0.00,100000.00,EUR,IDEALPRO-001,MARGIN,,[],False,{}
99824.27,0.00,99824.27,USD,IDEALPRO-001,MARGIN,,[],False,{}
100000.00,0.00,100000.00,EUR,IDEALPRO-001,MARGIN,,[],False,{}
99824.27,0.00,99824.27,USD,IDEALPRO-001,MARGIN,,[],False,{}
100000.00,0.00,100000.00,EUR,IDEALPRO-001,MARGIN,,[],False,{}
99824.27,0.00,99824.27,USD,IDEALPRO-001,MARGIN,,[],False,{}
100000.00,0.00,100000.00,EUR,IDEALPRO-001,MARGIN,,[],False,{}
99821.96,0.00,99821.96,USD,IDEALPRO-001,MARGIN,,[],False,{}
100000.00,0.00,100000.00,EUR,IDEALPRO-001,MARGIN,,[],False,{}
99821.96,2312.02,97509.94,USD,IDEALPRO-001,MARGIN,,"[{'type': 'MarginBalance', 'initial': '0.00', 'maintenance': '2312.02', 'currency': 'USD', 'instrument_id': 'EUR/USD.IDEALPRO'}]",False,{}
100000.00,0.00,100000.00,EUR,IDEALPRO-001,MARGIN,,"[{'type': 'MarginBalance', 'initial': '0.00', 'maintenance': '2312.02', 'currency': 'USD', 'instrument_id': 'EUR/USD.IDEALPRO'}]",False,{}
99821.96,2312.02,97509.94,USD,IDEALPRO-001,MARGIN,,"[{'type': 'MarginBalance', 'initial': '0.00', 'maintenance': '2312.02', 'currency': 'USD', 'instrument_id': 'EUR/USD.IDEALPRO'}]",False,{}
100000.00,0.00,100000.00,EUR,IDEALPRO-001,MARGIN,,"[{'type': 'MarginBalance', 'initial': '0.00', 'maintenance': '2312.02', 'currency': 'USD', 'instrument_id': 'EUR/USD.IDEALPRO'}]",False,{}
99821.96,2312.02,97509.94,USD,IDEALPRO-001,MARGIN,,"[{'type': 'MarginBalance', 'initial': '0.00', 'maintenance': '2312.02', 'currency': 'USD', 'instrument_id': 'EUR/USD.IDEALPRO'}]",False,{}
100000.00,0.00,100000.00,EUR,IDEALPRO-001,MARGIN,,"[{'type': 'MarginBalance', 'initial': '0.00', 'maintenance': '2312.02', 'currency': 'USD', 'instrument_id': 'EUR/USD.IDEALPRO'}]",False,{}
99821.96,2312.02,97509.94,USD,IDEALPRO-001,MARGIN,,"[{'type': 'MarginBalance', 'initial': '0.00', 'maintenance': '2312.02', 'currency': 'USD', 'instrument_id': 'EUR/USD.IDEALPRO'}]",False,{}
100000.00,0.00,100000.00,EUR,IDEALPRO-001,MARGIN,,"[{'type': 'MarginBalance', 'initial': '0.00', 'maintenance': '2312.02', 'currency': 'USD', 'instrument_id': 'EUR/USD.IDEALPRO'}]",False,{}
99838.65,0.00,99838.65,USD,IDEALPRO-001,MARGIN,,[],False,{}
100000.00,0.00,100000.00,EUR,IDEALPRO-001,MARGIN,,[],False,{}
99838.65,0.00,99838.65,USD,IDEALPRO-001,MARGIN,,[],False,{}
100000.00,0.00,100000.00,EUR,IDEALPRO-001,MARGIN,,[],False,{}
99838.65,0.00,99838.65,USD,IDEALPRO-001,MARGIN,,[],False,{}
100000.00,0.00,100000.00,EUR,IDEALPRO-001,MARGIN,,[],False,{}
99838.65,0.00,99838.65,USD,IDEALPRO-001,MARGIN,,[],False,{}
100000.00,0.00,100000.00,EUR,IDEALPRO-001,MARGIN,,[],False,{}
99838.65,0.00,99838.65,USD,IDEALPRO-001,MARGIN,,[],False,{}
100000.00,0.00,100000.00,EUR,IDEALPRO-001,MARGIN,,[],False,{}
99836.34,0.00,99836.34,USD,IDEALPRO-001,MARGIN,,[],False,{}
100000.00,0.00,100000.00,EUR,IDEALPRO-001,MARGIN,,[],False,{}
99836.34,2313.16,97523.18,USD,IDEALPRO-001,MARGIN,,"[{'type': 'MarginBalance', 'initial': '0.00', 'maintenance': '2313.16', 'currency': 'USD', 'instrument_id': 'EUR/USD.IDEALPRO'}]",False,{}
100000.00,0.00,100000.00,EUR,IDEALPRO-001,MARGIN,,"[{'type': 'MarginBalance', 'initial': '0.00', 'maintenance': '2313.16', 'currency': 'USD', 'instrument_id': 'EUR/USD.IDEALPRO'}]",False,{}
99836.34,2313.16,97523.18,USD,IDEALPRO-001,MARGIN,,"[{'type': 'MarginBalance', 'initial': '0.00', 'maintenance': '2313.16', 'currency': 'USD', 'instrument_id': 'EUR/USD.IDEALPRO'}]",False,{}
100000.00,0.00,100000.00,EUR,IDEALPRO-001,MARGIN,,"[{'type': 'MarginBalance', 'initial': '0.00', 'maintenance': '2313.16', 'currency': 'USD', 'instrument_id': 'EUR/USD.IDEALPRO'}]",False,{}
99836.34,2313.16,97523.18,USD,IDEALPRO-001,MARGIN,,"[{'type': 'MarginBalance', 'initial': '0.00', 'maintenance': '2313.16', 'currency': 'USD', 'instrument_id': 'EUR/USD.IDEALPRO'}]",False,{}
100000.00,0.00,100000.00,EUR,IDEALPRO-001,MARGIN,,"[{'type': 'MarginBalance', 'initial': '0.00', 'maintenance': '2313.16', 'currency': 'USD', 'instrument_id': 'EUR/USD.IDEALPRO'}]",False,{}
99836.34,2313.16,97523.18,USD,IDEALPRO-001,MARGIN,,"[{'type': 'MarginBalance', 'initial': '0.00', 'maintenance': '2313.16', 'currency': 'USD', 'instrument_id': 'EUR/USD.IDEALPRO'}]",False,{}
100000.00,0.00,100000.00,EUR,IDEALPRO-001,MARGIN,,"[{'type': 'MarginBalance', 'initial': '0.00', 'maintenance': '2313.16', 'currency': 'USD', 'instrument_id': 'EUR/USD.IDEALPRO'}]",False,{}
99829.03,0.00,99829.03,USD,IDEALPRO-001,MARGIN,,[],False,{}
100000.00,0.00,100000.00,EUR,IDEALPRO-001,MARGIN,,[],False,{}
