trader_id,strategy_id,instrument_id,venue_order_id,position_id,account_id,last_trade_id,type,side,quantity,time_in_force,is_reduce_only,is_quote_quantity,filled_qty,liquidity_side,avg_px,slippage,commissions,emulation_trigger,status,contingency_type,order_list_id,linked_order_ids,parent_order_id,exec_algorithm_id,exec_algorithm_params,exec_spawn_id,tags,init_id,ts_init,ts_last,trigger_price,trigger_type,expire_time_ns,trigger_instrument_id,price,is_post_only,display_qty
BACKTESTER-001,MovingAverageCrossover-MA_CROSS,EUR/USD.IDEALPRO,IDEALPRO-1-001,EUR/USD.IDEALPRO-MovingAverageCrossover-MA_CROSS,IDEALPRO-001,IDEALPRO-1-842,MARKET,SELL,100000.00,GTC,False,False,100000.00,TAKER,1.03133500000025,0.0,['2.06 USD'],NO_TRIGGER,FILLED,OTO,OL-20250102-140000-001-MA_CROSS-1,"['O-20250102-140000-001-MA_CROSS-2', 'O-20250102-140000-001-MA_CROSS-3']",,,,,['MA_CROSS'],f9179ca8-eaba-44b9-8be9-a13936195afb,1735826400000000000,1735826400000000000,,,,,,,
BACKTESTER-001,MovingAverageCrossover-MA_CROSS,EUR/USD.IDEALPRO,IDEALPRO-1-002,EUR/USD.IDEALPRO-MovingAverageCrossover-MA_CROSS,IDEALPRO-001,,STOP_MARKET,BUY,99999.99,GTC,True,False,0.00,NO_LIQUIDITY_SIDE,,,,NO_TRIGGER,CANCELED,OUO,OL-20250102-140000-001-MA_CROSS-1,['O-20250102-140000-001-MA_CROSS-3'],O-20250102-140000-001-MA_CROSS-1,,,,['MA_CROSS_SL'],e5883d40-9700-4470-bf00-48beb1b4f84a,1735826400000000000,1735833840000000000,1.03284,DEFAULT,,,,,
BACKTESTER-001,MovingAverageCrossover-MA_CROSS,EUR/USD.IDEALPRO,IDEALPRO-1-003,EUR/USD.IDEALPRO-MovingAverageCrossover-MA_CROSS,IDEALPRO-001,IDEALPRO-1-968,LIMIT,BUY,100000.00,GTC,True,False,100000.00,MAKER,1.0238400000000003,2.220446049250313e-16,['2.05 USD'],NO_TRIGGER,FILLED,OUO,OL-20250102-140000-001-MA_CROSS-1,['O-20250102-140000-001-MA_CROSS-2'],O-20250102-140000-001-MA_CROSS-1,,,,['MA_CROSS_TP'],2c866460-342a-4098-9a2e-bc03fe2e8ff7,1735826400000000000,1735833840000000000,,,,,1.02384,True,
BACKTESTER-001,MovingAverageCrossover-MA_CROSS,EUR/USD.IDEALPRO,IDEALPRO-1-004,EUR/USD.IDEALPRO-MovingAverageCrossover-MA_CROSS,IDEALPRO-001,IDEALPRO-1-3036,MARKET,BUY,100000.00,GTC,False,False,100000.00,TAKER,1.03161499999975,0.0,['2.06 USD'],NO_TRIGGER,FILLED,OTO,OL-20250106-030000-001-MA_CROSS-2,"['O-20250106-030000-001-MA_CROSS-5', 'O-20250106-030000-001-MA_CROSS-6']",,,,,['MA_CROSS'],7db9128d-a2d8-4a84-956c-de74b58964b6,1736132400000000000,1736132400000000000,,,,,,,
BACKTESTER-001,MovingAverageCrossover-MA_CROSS,EUR/USD.IDEALPRO,IDEALPRO-1-005,EUR/USD.IDEALPRO-MovingAverageCrossover-MA_CROSS,IDEALPRO-001,,STOP_MARKET,SELL,99999.99,GTC,True,False,0.00,NO_LIQUIDITY_SIDE,,,,NO_TRIGGER,CANCELED,OUO,OL-20250106-030000-001-MA_CROSS-2,['O-20250106-030000-001-MA_CROSS-6'],O-20250106-030000-001-MA_CROSS-4,,,,['MA_CROSS_SL'],ae96ea8c-9c99-4800-a10a-b64443ed7021,1736132400000000000,1736162160000000000,1.03011,DEFAULT,,,,,
BACKTESTER-001,MovingAverageCrossover-MA_CROSS,EUR/USD.IDEALPRO,IDEALPRO-1-006,EUR/USD.IDEALPRO-MovingAverageCrossover-MA_CROSS,IDEALPRO-001,IDEALPRO-1-3534,LIMIT,SELL,100000.00,GTC,True,False,100000.00,MAKER,1.0391100000000002,-2.220446049250313e-16,['2.08 USD'],NO_TRIGGER,FILLED,OUO,OL-20250106-030000-001-MA_CROSS-2,['O-20250106-030000-001-MA_CROSS-5'],O-20250106-030000-001-MA_CROSS-4,,,,['MA_CROSS_TP'],9d4dbde7-4236-48f3-8f48-0cdedd53c0c0,1736132400000000000,1736162160000000000,,,,,1.03911,True,
BACKTESTER-001,MovingAverageCrossover-MA_CROSS,EUR/USD.IDEALPRO,IDEALPRO-1-007,EUR/USD.IDEALPRO-MovingAverageCrossover-MA_CROSS,IDEALPRO-001,IDEALPRO-1-5935,MARKET,SELL,100000.00,GTC,False,False,100000.00,TAKER,1.03468500000025,0.0,['2.07 USD'],NO_TRIGGER,FILLED,OTO,OL-20250108-034500-001-MA_CROSS-3,"['O-20250108-034500-001-MA_CROSS-8', 'O-20250108-034500-001-MA_CROSS-9']",,,,,['MA_CROSS'],375592ea-fd0b-494f-9b07-548adc00bd5f,1736307900000000000,1736307900000000000,,,,,,,
BACKTESTER-001,MovingAverageCrossover-MA_CROSS,EUR/USD.IDEALPRO,IDEALPRO-1-008,EUR/USD.IDEALPRO-MovingAverageCrossover-MA_CROSS,IDEALPRO-001,,STOP_MARKET,BUY,99999.99,GTC,True,False,0.00,NO_LIQUIDITY_SIDE,,,,NO_TRIGGER,CANCELED,OUO,OL-20250108-034500-001-MA_CROSS-3,['O-20250108-034500-001-MA_CROSS-9'],O-20250108-034500-001-MA_CROSS-7,,,,['MA_CROSS_SL'],93741bb4-fdc5-4aa8-abbd-4d1a0b724401,1736307900000000000,1736515860000000000,1.03619,DEFAULT,,,,,
BACKTESTER-001,MovingAverageCrossover-MA_CROSS,EUR/USD.IDEALPRO,IDEALPRO-1-009,EUR/USD.IDEALPRO-MovingAverageCrossover-MA_CROSS,IDEALPRO-001,IDEALPRO-1-9373,LIMIT,BUY,100000.00,GTC,True,False,100000.00,MAKER,1.02719,0.0,['2.05 USD'],NO_TRIGGER,FILLED,OUO,OL-20250108-034500-001-MA_CROSS-3,['O-20250108-034500-001-MA_CROSS-8'],O-20250108-034500-001-MA_CROSS-7,,,,['MA_CROSS_TP'],173a7436-ab21-4f6d-9bcb-f0ef1f962d02,1736307900000000000,1736515860000000000,,,,,1.02719,True,
BACKTESTER-001,MovingAverageCrossover-MA_CROSS,EUR/USD.IDEALPRO,IDEALPRO-1-010,EUR/USD.IDEALPRO-MovingAverageCrossover-MA_CROSS,IDEALPRO-001,IDEALPRO-1-12239,MARKET,BUY,100000.00,GTC,False,False,100000.00,TAKER,1.02534499999975,0.0,['2.05 USD'],NO_TRIGGER,FILLED,OTO,OL-20250114-134500-001-MA_CROSS-4,"['O-20250114-134500-001-MA_CROSS-11', 'O-20250114-134500-001-MA_CROSS-12']",,,,,['MA_CROSS'],7e9d8c96-342a-429b-a73c-139d477a4cab,1736862300000000000,1736862300000000000,,,,,,,
BACKTESTER-001,MovingAverageCrossover-MA_CROSS,EUR/USD.IDEALPRO,IDEALPRO-1-011,EUR/USD.IDEALPRO-MovingAverageCrossover-MA_CROSS,IDEALPRO-001,,STOP_MARKET,SELL,99999.99,GTC,True,False,0.00,NO_LIQUIDITY_SIDE,,,,NO_TRIGGER,CANCELED,OUO,OL-20250114-134500-001-MA_CROSS-4,['O-20250114-134500-001-MA_CROSS-12'],O-20250114-134500-001-MA_CROSS-10,,,,['MA_CROSS_SL'],9b10b361-362a-48ae-b4c3-ab79989fe662,1736862300000000000,1736947860000000000,1.02384,DEFAULT,,,,,
BACKTESTER-001,MovingAverageCrossover-MA_CROSS,EUR/USD.IDEALPRO,IDEALPRO-1-012,EUR/USD.IDEALPRO-MovingAverageCrossover-MA_CROSS,IDEALPRO-001,IDEALPRO-1-13652,LIMIT,SELL,100000.00,GTC,True,False,100000.00,MAKER,1.03284,0.0,['2.07 USD'],NO_TRIGGER,FILLED,OUO,OL-20250114-134500-001-MA_CROSS-4,['O-20250114-134500-001-MA_CROSS-11'],O-20250114-134500-001-MA_CROSS-10,,,,['MA_CROSS_TP'],e77ea701-cee9-45e7-8e69-7814ae794786,1736862300000000000,1736947860000000000,,,,,1.03284,True,
BACKTESTER-001,MovingAverageCrossover-MA_CROSS,EUR/USD.IDEALPRO,IDEALPRO-1-013,EUR/USD.IDEALPRO-MovingAverageCrossover-MA_CROSS,IDEALPRO-001,IDEALPRO-1-16458,MARKET,SELL,100000.00,GTC,False,False,100000.00,TAKER,1.02956500000025,0.0,['2.06 USD'],NO_TRIGGER,FILLED,OTO,OL-20250117-124500-001-MA_CROSS-5,"['O-20250117-124500-001-MA_CROSS-14', 'O-20250117-124500-001-MA_CROSS-15']",,,,,['MA_CROSS'],12e10aff-b12d-429e-b713-eb5371562a3a,1737117900000000000,1737117900000000000,,,,,,,
BACKTESTER-001,MovingAverageCrossover-MA_CROSS,EUR/USD.IDEALPRO,IDEALPRO-1-014,EUR/USD.IDEALPRO-MovingAverageCrossover-MA_CROSS,IDEALPRO-001,IDEALPRO-1-16599,STOP_MARKET,BUY,100000.00,GTC,True,False,100000.00,TAKER,1.0310749999997502,4.9999997502325755e-06,['2.06 USD'],NO_TRIGGER,FILLED,OUO,OL-20250117-124500-001-MA_CROSS-5,['O-20250117-124500-001-MA_CROSS-15'],O-20250117-124500-001-MA_CROSS-13,,,,['MA_CROSS_SL'],f7341dfe-c6da-440b-96f8-27fa76b2b303,1737117900000000000,1737126240000000000,1.03107,DEFAULT,,,,,
BACKTESTER-001,MovingAverageCrossover-MA_CROSS,EUR/USD.IDEALPRO,IDEALPRO-1-015,EUR/USD.IDEALPRO-MovingAverageCrossover-MA_CROSS,IDEALPRO-001,,LIMIT,BUY,99999.99,GTC,True,False,0.00,NO_LIQUIDITY_SIDE,,,,NO_TRIGGER,CANCELED,OUO,OL-20250117-124500-001-MA_CROSS-5,['O-20250117-124500-001-MA_CROSS-14'],O-20250117-124500-001-MA_CROSS-13,,,,['MA_CROSS_TP'],92cd74c2-d56e-4c8a-be54-1be1a5f880ea,1737117900000000000,1737126240000000000,,,,,1.02207,True,
BACKTESTER-001,MovingAverageCrossover-MA_CROSS,EUR/USD.IDEALPRO,IDEALPRO-1-016,EUR/USD.IDEALPRO-MovingAverageCrossover-MA_CROSS,IDEALPRO-001,IDEALPRO-1-17677,MARKET,BUY,100000.00,GTC,False,False,100000.00,TAKER,1.03136499999975,0.0,['2.06 USD'],NO_TRIGGER,FILLED,OTO,OL-20250120-091500-001-MA_CROSS-6,"['O-20250120-091500-001-MA_CROSS-17', 'O-20250120-091500-001-MA_CROSS-18']",,,,,['MA_CROSS'],c32278b5-737f-4561-ba8e-2175f4f9e33c,1737364500000000000,1737364500000000000,,,,,,,
BACKTESTER-001,MovingAverageCrossover-MA_CROSS,EUR/USD.IDEALPRO,IDEALPRO-1-017,EUR/USD.IDEALPRO-MovingAverageCrossover-MA_CROSS,IDEALPRO-001,,STOP_MARKET,SELL,99999.99,GTC,True,False,0.00,NO_LIQUIDITY_SIDE,,,,NO_TRIGGER,CANCELED,OUO,OL-20250120-091500-001-MA_CROSS-6,['O-20250120-091500-001-MA_CROSS-18'],O-20250120-091500-001-MA_CROSS-16,,,,['MA_CROSS_SL'],49c53dd8-d812-444e-926d-8a71d0781d20,1737364500000000000,1737379980000000000,1.02986,DEFAULT,,,,,
BACKTESTER-001,MovingAverageCrossover-MA_CROSS,EUR/USD.IDEALPRO,IDEALPRO-1-018,EUR/USD.IDEALPRO-MovingAverageCrossover-MA_CROSS,IDEALPRO-001,IDEALPRO-1-17937,LIMIT,SELL,100000.00,GTC,True,False,100000.00,MAKER,1.0388600000000001,-2.220446049250313e-16,['2.08 USD'],NO_TRIGGER,FILLED,OUO,OL-20250120-091500-001-MA_CROSS-6,['O-20250120-091500-001-MA_CROSS-17'],O-20250120-091500-001-MA_CROSS-16,,,,['MA_CROSS_TP'],66c33ca1-7f1e-4f46-849b-4087d469c529,1737364500000000000,1737379980000000000,,,,,1.03886,True,
BACKTESTER-001,MovingAverageCrossover-MA_CROSS,EUR/USD.IDEALPRO,IDEALPRO-1-019,EUR/USD.IDEALPRO-MovingAverageCrossover-MA_CROSS,IDEALPRO-001,IDEALPRO-1-22316,MARKET,SELL,100000.00,GTC,False,False,100000.00,TAKER,1.0401150000002501,0.0,['2.08 USD'],NO_TRIGGER,FILLED,OTO,OL-20250123-151500-001-MA_CROSS-7,"['O-20250123-151500-001-MA_CROSS-20', 'O-20250123-151500-001-MA_CROSS-21']",,,,,['MA_CROSS'],b25bcebd-63ae-407e-ba80-72f37d3681a1,1737645300000000000,1737645300000000000,,,,,,,
BACKTESTER-001,MovingAverageCrossover-MA_CROSS,EUR/USD.IDEALPRO,IDEALPRO-1-020,EUR/USD.IDEALPRO-MovingAverageCrossover-MA_CROSS,IDEALPRO-001,IDEALPRO-1-22397,STOP_MARKET,BUY,100000.00,GTC,True,False,100000.00,TAKER,1.0416249999997502,4.9999997502325755e-06,['2.08 USD'],NO_TRIGGER,FILLED,OUO,OL-20250123-151500-001-MA_CROSS-7,['O-20250123-151500-001-MA_CROSS-21'],O-20250123-151500-001-MA_CROSS-19,,,,['MA_CROSS_SL'],ec9de7fd-be8e-4b21-a4ae-2d1cf6da2ff7,1737645300000000000,1737650040000000000,1.04162,DEFAULT,,,,,
BACKTESTER-001,MovingAverageCrossover-MA_CROSS,EUR/USD.IDEALPRO,IDEALPRO-1-021,EUR/USD.IDEALPRO-MovingAverageCrossover-MA_CROSS,IDEALPRO-001,,LIMIT,BUY,99999.99,GTC,True,False,0.00,NO_LIQUIDITY_SIDE,,,,NO_TRIGGER,CANCELED,OUO,OL-20250123-151500-001-MA_CROSS-7,['O-20250123-151500-001-MA_CROSS-20'],O-20250123-151500-001-MA_CROSS-19,,,,['MA_CROSS_TP'],fe3e363d-62e0-4d16-bfa7-904bc85fd64d,1737645300000000000,1737650040000000000,,,,,1.03262,True,
BACKTESTER-001,MovingAverageCrossover-MA_CROSS,EUR/USD.IDEALPRO,IDEALPRO-1-022,EUR/USD.IDEALPRO-MovingAverageCrossover-MA_CROSS,IDEALPRO-001,IDEALPRO-1-22485,MARKET,BUY,100000.00,GTC,False,False,100000.00,TAKER,1.04354499999975,0.0,['2.09 USD'],NO_TRIGGER,FILLED,OTO,OL-20250123-180000-001-MA_CROSS-8,"['O-20250123-180000-001-MA_CROSS-23', 'O-20250123-180000-001-MA_CROSS-24']",,,,,['MA_CROSS'],19e6cc4f-3745-4bd3-83ce-2d72ba91a163,1737655200000000000,1737655200000000000,,,,,,,
BACKTESTER-001,MovingAverageCrossover-MA_CROSS,EUR/USD.IDEALPRO,IDEALPRO-1-023,EUR/USD.IDEALPRO-MovingAverageCrossover-MA_CROSS,IDEALPRO-001,IDEALPRO-1-22565,STOP_MARKET,SELL,100000.00,GTC,True,False,100000.00,TAKER,1.04203500000025,4.999999750010531e-06,['2.08 USD'],NO_TRIGGER,FILLED,OUO,OL-20250123-180000-001-MA_CROSS-8,['O-20250123-180000-001-MA_CROSS-24'],O-20250123-180000-001-MA_CROSS-22,,,,['MA_CROSS_SL'],d0eb914f-0698-40a4-bdff-afc9665074e3,1737655200000000000,1737659880000000000,1.04204,DEFAULT,,,,,
BACKTESTER-001,MovingAverageCrossover-MA_CROSS,EUR/USD.IDEALPRO,IDEALPRO-1-024,EUR/USD.IDEALPRO-MovingAverageCrossover-MA_CROSS,IDEALPRO-001,,LIMIT,SELL,99999.99,GTC,True,False,0.00,NO_LIQUIDITY_SIDE,,,,NO_TRIGGER,CANCELED,OUO,OL-20250123-180000-001-MA_CROSS-8,['O-20250123-180000-001-MA_CROSS-23'],O-20250123-180000-001-MA_CROSS-22,,,,['MA_CROSS_TP'],4485cb44-b0f2-4ead-b068-9186886fd6d4,1737655200000000000,1737659880000000000,,,,,1.05104,True,
BACKTESTER-001,MovingAverageCrossover-MA_CROSS,EUR/USD.IDEALPRO,IDEALPRO-1-025,EUR/USD.IDEALPRO-MovingAverageCrossover-MA_CROSS,IDEALPRO-001,IDEALPRO-1-26149,MARKET,SELL,100000.00,GTC,False,False,100000.00,TAKER,1.04314500000025,0.0,['2.09 USD'],NO_TRIGGER,FILLED,OTO,OL-20250128-074500-001-MA_CROSS-9,"['O-20250128-074500-001-MA_CROSS-26', 'O-20250128-074500-001-MA_CROSS-27']",,,,,['MA_CROSS'],45f77fd0-cb31-4d99-b750-ae06e35726b7,1738050300000000000,1738050300000000000,,,,,,,
BACKTESTER-001,MovingAverageCrossover-MA_CROSS,EUR/USD.IDEALPRO,IDEALPRO-1-026,EUR/USD.IDEALPRO-MovingAverageCrossover-MA_CROSS,IDEALPRO-001,IDEALPRO-1-29374,STOP_MARKET,BUY,100000.00,GTC,True,False,100000.00,TAKER,1.04465499999975,4.999999750010531e-06,['2.09 USD'],NO_TRIGGER,FILLED,OUO,OL-20250128-074500-001-MA_CROSS-9,['O-20250128-074500-001-MA_CROSS-27'],O-20250128-074500-001-MA_CROSS-25,,,,['MA_CROSS_SL'],48d1c133-cb8a-468e-8a44-1b48ea7066ff,1738050300000000000,1738245480000000000,1.04465,DEFAULT,,,,,
BACKTESTER-001,MovingAverageCrossover-MA_CROSS,EUR/USD.IDEALPRO,IDEALPRO-1-027,EUR/USD.IDEALPRO-MovingAverageCrossover-MA_CROSS,IDEALPRO-001,,LIMIT,BUY,99999.99,GTC,True,False,0.00,NO_LIQUIDITY_SIDE,,,,NO_TRIGGER,CANCELED,OUO,OL-20250128-074500-001-MA_CROSS-9,['O-20250128-074500-001-MA_CROSS-26'],O-20250128-074500-001-MA_CROSS-25,,,,['MA_CROSS_TP'],93ab85a9-9af9-4ff6-b75a-9b8efbaeb477,1738050300000000000,1738245480000000000,,,,,1.03565,True,
BACKTESTER-001,MovingAverageCrossover-MA_CROSS,EUR/USD.IDEALPRO,IDEALPRO-1-028,EUR/USD.IDEALPRO-MovingAverageCrossover-MA_CROSS,IDEALPRO-001,IDEALPRO-1-33758,MARKET,BUY,100000.00,GTC,False,False,100000.00,TAKER,1.03794499999975,0.0,['2.08 USD'],NO_TRIGGER,FILLED,OTO,OL-20250204-154500-001-MA_CROSS-10,"['O-20250204-154500-001-MA_CROSS-29', 'O-20250204-154500-001-MA_CROSS-30']",,,,,['MA_CROSS'],9ffe67e8-b264-48e9-bc0f-6fe1c1e6caa7,1738683900000000000,1738683900000000000,,,,,,,
BACKTESTER-001,MovingAverageCrossover-MA_CROSS,EUR/USD.IDEALPRO,IDEALPRO-1-029,EUR/USD.IDEALPRO-MovingAverageCrossover-MA_CROSS,IDEALPRO-001,IDEALPRO-1-36175,STOP_MARKET,SELL,100000.00,GTC,True,False,100000.00,TAKER,1.03643500000025,4.999999750010531e-06,['2.07 USD'],NO_TRIGGER,FILLED,OUO,OL-20250204-154500-001-MA_CROSS-10,['O-20250204-154500-001-MA_CROSS-30'],O-20250204-154500-001-MA_CROSS-28,,,,['MA_CROSS_SL'],c5a9a570-be61-42e2-9ce8-ed79446da371,1738683900000000000,1738830600000000000,1.03644,DEFAULT,,,,,
BACKTESTER-001,MovingAverageCrossover-MA_CROSS,EUR/USD.IDEALPRO,IDEALPRO-1-030,EUR/USD.IDEALPRO-MovingAverageCrossover-MA_CROSS,IDEALPRO-001,,LIMIT,SELL,99999.99,GTC,True,False,0.00,NO_LIQUIDITY_SIDE,,,,NO_TRIGGER,CANCELED,OUO,OL-20250204-154500-001-MA_CROSS-10,['O-20250204-154500-001-MA_CROSS-29'],O-20250204-154500-001-MA_CROSS-28,,,,['MA_CROSS_TP'],ca4f47d6-4c21-4bf8-9d9e-a1a5fe23ceaa,1738683900000000000,1738830600000000000,,,,,1.04544,True,
BACKTESTER-001,MovingAverageCrossover-MA_CROSS,EUR/USD.IDEALPRO,IDEALPRO-1-031,EUR/USD.IDEALPRO-MovingAverageCrossover-MA_CROSS,IDEALPRO-001,IDEALPRO-1-36612,MARKET,SELL,100000.00,GTC,False,False,100000.00,TAKER,1.03664500000025,0.0,['2.07 USD'],NO_TRIGGER,FILLED,OTO,OL-20250206-154500-001-MA_CROSS-11,"['O-20250206-154500-001-MA_CROSS-32', 'O-20250206-154500-001-MA_CROSS-33']",,,,,['MA_CROSS'],5ece8aae-8238-4d6d-91b3-604b5b66cb9b,1738856700000000000,1738856700000000000,,,,,,,
BACKTESTER-001,MovingAverageCrossover-MA_CROSS,EUR/USD.IDEALPRO,IDEALPRO-1-032,EUR/USD.IDEALPRO-MovingAverageCrossover-MA_CROSS,IDEALPRO-001,IDEALPRO-1-36754,STOP_MARKET,BUY,100000.00,GTC,True,False,100000.00,TAKER,1.03815499999975,4.999999750010531e-06,['2.08 USD'],NO_TRIGGER,FILLED,OUO,OL-20250206-154500-001-MA_CROSS-11,['O-20250206-154500-001-MA_CROSS-33'],O-20250206-154500-001-MA_CROSS-31,,,,['MA_CROSS_SL'],7ea62c9a-5e1c-4df0-b31b-e702b40d3ead,1738856700000000000,1738865100000000000,1.03815,DEFAULT,,,,,
BACKTESTER-001,MovingAverageCrossover-MA_CROSS,EUR/USD.IDEALPRO,IDEALPRO-1-033,EUR/USD.IDEALPRO-MovingAverageCrossover-MA_CROSS,IDEALPRO-001,,LIMIT,BUY,99999.99,GTC,True,False,0.00,NO_LIQUIDITY_SIDE,,,,NO_TRIGGER,CANCELED,OUO,OL-20250206-154500-001-MA_CROSS-11,['O-20250206-154500-001-MA_CROSS-32'],O-20250206-154500-001-MA_CROSS-31,,,,['MA_CROSS_TP'],100e538a-7985-42ce-9879-79d82811a414,1738856700000000000,1738865100000000000,,,,,1.02915,True,
BACKTESTER-001,MovingAverageCrossover-MA_CROSS,EUR/USD.IDEALPRO,IDEALPRO-1-034,EUR/USD.IDEALPRO-MovingAverageCrossover-MA_CROSS,IDEALPRO-001,IDEALPRO-1-37111,MARKET,BUY,100000.00,GTC,False,False,100000.00,TAKER,1.0387649999997501,0.0,['2.08 USD'],NO_TRIGGER,FILLED,OTO,OL-20250207-001500-001-MA_CROSS-12,"['O-20250207-001500-001-MA_CROSS-35', 'O-20250207-001500-001-MA_CROSS-36']",,,,,['MA_CROSS'],6840f6fd-9ff1-4e85-93f2-8e8dfe3b0926,1738887300000000000,1738887300000000000,,,,,,,
BACKTESTER-001,MovingAverageCrossover-MA_CROSS,EUR/USD.IDEALPRO,IDEALPRO-1-035,EUR/USD.IDEALPRO-MovingAverageCrossover-MA_CROSS,IDEALPRO-001,,STOP_MARKET,SELL,99999.99,GTC,True,False,0.00,NO_LIQUIDITY_SIDE,,,,NO_TRIGGER,CANCELED,OUO,OL-20250207-001500-001-MA_CROSS-12,['O-20250207-001500-001-MA_CROSS-36'],O-20250207-001500-001-MA_CROSS-34,,,,['MA_CROSS_SL'],848980f5-7f90-4d24-a377-388e136bd8c1,1738887300000000000,1738906200000000000,1.03726,DEFAULT,,,,,
BACKTESTER-001,MovingAverageCrossover-MA_CROSS,EUR/USD.IDEALPRO,IDEALPRO-1-036,EUR/USD.IDEALPRO-MovingAverageCrossover-MA_CROSS,IDEALPRO-001,,LIMIT,SELL,99999.99,GTC,True,False,0.00,NO_LIQUIDITY_SIDE,,,,NO_TRIGGER,CANCELED,OUO,OL-20250207-001500-001-MA_CROSS-12,['O-20250207-001500-001-MA_CROSS-35'],O-20250207-001500-001-MA_CROSS-34,,,,['MA_CROSS_TP'],1f98f0e7-d840-444e-b30c-f2b09471051a,1738887300000000000,1738906200000000000,,,,,1.04626,True,
BACKTESTER-001,MovingAverageCrossover-MA_CROSS,EUR/USD.IDEALPRO,IDEALPRO-1-037,EUR/USD.IDEALPRO-MovingAverageCrossover-MA_CROSS,IDEALPRO-001,IDEALPRO-1-37428,MARKET,SELL,100000.00,GTC,True,False,100000.00,TAKER,1.0378550000002502,0.0,['2.08 USD'],NO_TRIGGER,FILLED,NO_CONTINGENCY,,,,,,,,5daa89ab-6ae1-4467-9bb6-a45b08cb8d51,1738906200000000000,1738906200000000000,,,,,,,
BACKTESTER-001,MovingAverageCrossover-MA_CROSS,EUR/USD.IDEALPRO,IDEALPRO-1-038,EUR/USD.IDEALPRO-MovingAverageCrossover-MA_CROSS,IDEALPRO-001,IDEALPRO-1-41165,MARKET,BUY,100000.00,GTC,False,False,100000.00,TAKER,1.0361849999997501,0.0,['2.07 USD'],NO_TRIGGER,FILLED,OTO,OL-20250211-201500-001-MA_CROSS-13,"['O-20250211-201500-001-MA_CROSS-39', 'O-20250211-201500-001-MA_CROSS-40']",,,,,['MA_CROSS'],27f6959f-47e0-4c39-be31-b1117813f2d5,1739304900000000000,1739304900000000000,,,,,,,
BACKTESTER-001,MovingAverageCrossover-MA_CROSS,EUR/USD.IDEALPRO,IDEALPRO-1-039,EUR/USD.IDEALPRO-MovingAverageCrossover-MA_CROSS,IDEALPRO-001,IDEALPRO-1-42188,STOP_MARKET,SELL,100000.00,GTC,True,False,100000.00,TAKER,1.03467500000025,4.999999750010531e-06,['2.07 USD'],NO_TRIGGER,FILLED,OUO,OL-20250211-201500-001-MA_CROSS-13,['O-20250211-201500-001-MA_CROSS-40'],O-20250211-201500-001-MA_CROSS-38,,,,['MA_CROSS_SL'],18942b5d-e4e4-4a44-a0aa-bf653e9972f5,1739304900000000000,1739367060000000000,1.03468,DEFAULT,,,,,
BACKTESTER-001,MovingAverageCrossover-MA_CROSS,EUR/USD.IDEALPRO,IDEALPRO-1-040,EUR/USD.IDEALPRO-MovingAverageCrossover-MA_CROSS,IDEALPRO-001,,LIMIT,SELL,99999.99,GTC,True,False,0.00,NO_LIQUIDITY_SIDE,,,,NO_TRIGGER,CANCELED,OUO,OL-20250211-201500-001-MA_CROSS-13,['O-20250211-201500-001-MA_CROSS-39'],O-20250211-201500-001-MA_CROSS-38,,,,['MA_CROSS_TP'],bc9706ec-57db-4dc9-96f9-353a793d3db0,1739304900000000000,1739367060000000000,,,,,1.04368,True,
BACKTESTER-001,MovingAverageCrossover-MA_CROSS,EUR/USD.IDEALPRO,IDEALPRO-1-041,EUR/USD.IDEALPRO-MovingAverageCrossover-MA_CROSS,IDEALPRO-001,IDEALPRO-1-47574,MARKET,SELL,100000.00,GTC,False,False,100000.00,TAKER,1.04568500000025,0.0,['2.09 USD'],NO_TRIGGER,FILLED,OTO,OL-20250218-081500-001-MA_CROSS-14,"['O-20250218-081500-001-MA_CROSS-42', 'O-20250218-081500-001-MA_CROSS-43']",,,,,['MA_CROSS'],550062e1-f05d-4b0b-9450-3c7b441a11b4,1739866500000000000,1739866500000000000,,,,,,,
BACKTESTER-001,MovingAverageCrossover-MA_CROSS,EUR/USD.IDEALPRO,IDEALPRO-1-042,EUR/USD.IDEALPRO-MovingAverageCrossover-MA_CROSS,IDEALPRO-001,IDEALPRO-1-50883,STOP_MARKET,BUY,100000.00,GTC,True,False,100000.00,TAKER,1.04719499999975,4.999999750010531e-06,['2.09 USD'],NO_TRIGGER,FILLED,OUO,OL-20250218-081500-001-MA_CROSS-14,['O-20250218-081500-001-MA_CROSS-43'],O-20250218-081500-001-MA_CROSS-41,,,,['MA_CROSS_SL'],eb3efc03-473d-4665-9900-82200f4478f0,1739866500000000000,1740066720000000000,1.04719,DEFAULT,,,,,
BACKTESTER-001,MovingAverageCrossover-MA_CROSS,EUR/USD.IDEALPRO,IDEALPRO-1-043,EUR/USD.IDEALPRO-MovingAverageCrossover-MA_CROSS,IDEALPRO-001,,LIMIT,BUY,99999.99,GTC,True,False,0.00,NO_LIQUIDITY_SIDE,,,,NO_TRIGGER,CANCELED,OUO,OL-20250218-081500-001-MA_CROSS-14,['O-20250218-081500-001-MA_CROSS-42'],O-20250218-081500-001-MA_CROSS-41,,,,['MA_CROSS_TP'],aa130c99-6d64-4d00-89f1-8d312ce3f417,1739866500000000000,1740066720000000000,,,,,1.03819,True,
BACKTESTER-001,MovingAverageCrossover-MA_CROSS,EUR/USD.IDEALPRO,IDEALPRO-1-044,EUR/USD.IDEALPRO-MovingAverageCrossover-MA_CROSS,IDEALPRO-001,IDEALPRO-1-50968,MARKET,BUY,100000.00,GTC,False,False,100000.00,TAKER,1.04842499999975,0.0,['2.10 USD'],NO_TRIGGER,FILLED,OTO,OL-20250220-171500-001-MA_CROSS-15,"['O-20250220-171500-001-MA_CROSS-45', 'O-20250220-171500-001-MA_CROSS-46']",,,,,['MA_CROSS'],f389e662-ee8b-49bc-b9ab-d291ecebacb9,1740071700000000000,1740071700000000000,,,,,,,
BACKTESTER-001,MovingAverageCrossover-MA_CROSS,EUR/USD.IDEALPRO,IDEALPRO-1-045,EUR/USD.IDEALPRO-MovingAverageCrossover-MA_CROSS,IDEALPRO-001,IDEALPRO-1-51857,STOP_MARKET,SELL,100000.00,GTC,True,False,100000.00,TAKER,1.0469150000002503,4.999999749788486e-06,['2.09 USD'],NO_TRIGGER,FILLED,OUO,OL-20250220-171500-001-MA_CROSS-15,['O-20250220-171500-001-MA_CROSS-46'],O-20250220-171500-001-MA_CROSS-44,,,,['MA_CROSS_SL'],3d6dc08e-22cb-4f32-b8b3-63971ee6e682,1740071700000000000,1740125820000000000,1.04692,DEFAULT,,,,,
BACKTESTER-001,MovingAverageCrossover-MA_CROSS,EUR/USD.IDEALPRO,IDEALPRO-1-046,EUR/USD.IDEALPRO-MovingAverageCrossover-MA_CROSS,IDEALPRO-001,,LIMIT,SELL,99999.99,GTC,True,False,0.00,NO_LIQUIDITY_SIDE,,,,NO_TRIGGER,CANCELED,OUO,OL-20250220-171500-001-MA_CROSS-15,['O-20250220-171500-001-MA_CROSS-45'],O-20250220-171500-001-MA_CROSS-44,,,,['MA_CROSS_TP'],db2db425-e9cb-41d9-b8a1-0c0df7d74097,1740071700000000000,1740125820000000000,,,,,1.05592,True,
BACKTESTER-001,MovingAverageCrossover-MA_CROSS,EUR/USD.IDEALPRO,IDEALPRO-1-047,EUR/USD.IDEALPRO-MovingAverageCrossover-MA_CROSS,IDEALPRO-001,IDEALPRO-1-53972,MARKET,SELL,100000.00,GTC,False,False,100000.00,TAKER,1.04746500000025,0.0,['2.09 USD'],NO_TRIGGER,FILLED,OTO,OL-20250224-194500-001-MA_CROSS-16,"['O-20250224-194500-001-MA_CROSS-48', 'O-20250224-194500-001-MA_CROSS-49']",,,,,['MA_CROSS'],996e5ac8-7b94-4fe7-8446-c5bf9c175ed7,1740426300000000000,1740426300000000000,,,,,,,
BACKTESTER-001,MovingAverageCrossover-MA_CROSS,EUR/USD.IDEALPRO,IDEALPRO-1-048,EUR/USD.IDEALPRO-MovingAverageCrossover-MA_CROSS,IDEALPRO-001,IDEALPRO-1-54935,STOP_MARKET,BUY,100000.00,GTC,True,False,100000.00,TAKER,1.04897499999975,4.999999750010531e-06,['2.10 USD'],NO_TRIGGER,FILLED,OUO,OL-20250224-194500-001-MA_CROSS-16,['O-20250224-194500-001-MA_CROSS-49'],O-20250224-194500-001-MA_CROSS-47,,,,['MA_CROSS_SL'],9eac70b2-fd40-4663-b1cd-04a601843a05,1740426300000000000,1740484860000000000,1.04897,DEFAULT,,,,,
BACKTESTER-001,MovingAverageCrossover-MA_CROSS,EUR/USD.IDEALPRO,IDEALPRO-1-049,EUR/USD.IDEALPRO-MovingAverageCrossover-MA_CROSS,IDEALPRO-001,,LIMIT,BUY,99999.99,GTC,True,False,0.00,NO_LIQUIDITY_SIDE,,,,NO_TRIGGER,CANCELED,OUO,OL-20250224-194500-001-MA_CROSS-16,['O-20250224-194500-001-MA_CROSS-48'],O-20250224-194500-001-MA_CROSS-47,,,,['MA_CROSS_TP'],a0c63db7-1214-4b8b-b35b-a11e0324476a,1740426300000000000,1740484860000000000,,,,,1.03997,True,
BACKTESTER-001,MovingAverageCrossover-MA_CROSS,EUR/USD.IDEALPRO,IDEALPRO-1-050,EUR/USD.IDEALPRO-MovingAverageCrossover-MA_CROSS,IDEALPRO-001,IDEALPRO-1-55131,MARKET,BUY,100000.00,GTC,False,False,100000.00,TAKER,1.0513149999997502,0.0,['2.10 USD'],NO_TRIGGER,FILLED,OTO,OL-20250225-151500-001-MA_CROSS-17,"['O-20250225-151500-001-MA_CROSS-51', 'O-20250225-151500-001-MA_CROSS-52']",,,,,['MA_CROSS'],e6dccba3-771a-42fe-a621-8e56b8ad589b,1740496500000000000,1740496500000000000,,,,,,,
BACKTESTER-001,MovingAverageCrossover-MA_CROSS,EUR/USD.IDEALPRO,IDEALPRO-1-051,EUR/USD.IDEALPRO-MovingAverageCrossover-MA_CROSS,IDEALPRO-001,IDEALPRO-1-55174,STOP_MARKET,SELL,100000.00,GTC,True,False,100000.00,TAKER,1.04980500000025,4.999999750010531e-06,['2.10 USD'],NO_TRIGGER,FILLED,OUO,OL-20250225-151500-001-MA_CROSS-17,['O-20250225-151500-001-MA_CROSS-52'],O-20250225-151500-001-MA_CROSS-50,,,,['MA_CROSS_SL'],68e50938-e97c-4f26-9639-79d301b8c72a,1740496500000000000,1740498960000000000,1.04981,DEFAULT,,,,,
BACKTESTER-001,MovingAverageCrossover-MA_CROSS,EUR/USD.IDEALPRO,IDEALPRO-1-052,EUR/USD.IDEALPRO-MovingAverageCrossover-MA_CROSS,IDEALPRO-001,,LIMIT,SELL,99999.99,GTC,True,False,0.00,NO_LIQUIDITY_SIDE,,,,NO_TRIGGER,CANCELED,OUO,OL-20250225-151500-001-MA_CROSS-17,['O-20250225-151500-001-MA_CROSS-51'],O-20250225-151500-001-MA_CROSS-50,,,,['MA_CROSS_TP'],094f8e41-1dba-4203-9227-76e6a0f31971,1740496500000000000,1740498960000000000,,,,,1.05881,True,
BACKTESTER-001,MovingAverageCrossover-MA_CROSS,EUR/USD.IDEALPRO,IDEALPRO-1-053,EUR/USD.IDEALPRO-MovingAverageCrossover-MA_CROSS,IDEALPRO-001,IDEALPRO-1-57295,MARKET,SELL,100000.00,GTC,False,False,100000.00,TAKER,1.04721500000025,0.0,['2.09 USD'],NO_TRIGGER,FILLED,OTO,OL-20250227-034500-001-MA_CROSS-18,"['O-20250227-034500-001-MA_CROSS-54', 'O-20250227-034500-001-MA_CROSS-55']",,,,,['MA_CROSS'],47ac8a63-0373-44a1-9d32-0bcb8fda5fa1,1740627900000000000,1740627900000000000,,,,,,,
BACKTESTER-001,MovingAverageCrossover-MA_CROSS,EUR/USD.IDEALPRO,IDEALPRO-1-054,EUR/USD.IDEALPRO-MovingAverageCrossover-MA_CROSS,IDEALPRO-001,IDEALPRO-1-57737,STOP_MARKET,BUY,100000.00,GTC,True,False,100000.00,TAKER,1.04872499999975,4.999999750010531e-06,['2.10 USD'],NO_TRIGGER,FILLED,OUO,OL-20250227-034500-001-MA_CROSS-18,['O-20250227-034500-001-MA_CROSS-55'],O-20250227-034500-001-MA_CROSS-53,,,,['MA_CROSS_SL'],ade781f0-c879-445a-ae0b-6c949eb4872d,1740627900000000000,1740654300000000000,1.04872,DEFAULT,,,,,
BACKTESTER-001,MovingAverageCrossover-MA_CROSS,EUR/USD.IDEALPRO,IDEALPRO-1-055,EUR/USD.IDEALPRO-MovingAverageCrossover-MA_CROSS,IDEALPRO-001,,LIMIT,BUY,99999.99,GTC,True,False,0.00,NO_LIQUIDITY_SIDE,,,,NO_TRIGGER,CANCELED,OUO,OL-20250227-034500-001-MA_CROSS-18,['O-20250227-034500-001-MA_CROSS-54'],O-20250227-034500-001-MA_CROSS-53,,,,['MA_CROSS_TP'],dbde6993-49ad-4556-8afa-949f00a71fc0,1740627900000000000,1740654300000000000,,,,,1.03972,True,
BACKTESTER-001,MovingAverageCrossover-MA_CROSS,EUR/USD.IDEALPRO,IDEALPRO-1-056,EUR/USD.IDEALPRO-MovingAverageCrossover-MA_CROSS,IDEALPRO-001,IDEALPRO-1-60794,MARKET,BUY,100000.00,GTC,False,False,100000.00,TAKER,1.0484649999997502,0.0,['2.10 USD'],NO_TRIGGER,FILLED,OTO,OL-20250303-143000-001-MA_CROSS-19,"['O-20250303-143000-001-MA_CROSS-57', 'O-20250303-143000-001-MA_CROSS-58']",,,,,['MA_CROSS'],9a6f1251-cd47-4f11-86ec-06e8ca474160,1741012200000000000,1741012200000000000,,,,,,,
BACKTESTER-001,MovingAverageCrossover-MA_CROSS,EUR/USD.IDEALPRO,IDEALPRO-1-057,EUR/USD.IDEALPRO-MovingAverageCrossover-MA_CROSS,IDEALPRO-001,IDEALPRO-1-61127,STOP_MARKET,SELL,100000.00,GTC,True,False,100000.00,TAKER,1.04695500000025,4.999999749788486e-06,['2.09 USD'],NO_TRIGGER,FILLED,OUO,OL-20250303-143000-001-MA_CROSS-19,['O-20250303-143000-001-MA_CROSS-58'],O-20250303-143000-001-MA_CROSS-56,,,,['MA_CROSS_SL'],2aa1c8ab-3635-4e82-bfad-54f2354f3662,1741012200000000000,1741032060000000000,1.04696,DEFAULT,,,,,
BACKTESTER-001,MovingAverageCrossover-MA_CROSS,EUR/USD.IDEALPRO,IDEALPRO-1-058,EUR/USD.IDEALPRO-MovingAverageCrossover-MA_CROSS,IDEALPRO-001,,LIMIT,SELL,99999.99,GTC,True,False,0.00,NO_LIQUIDITY_SIDE,,,,NO_TRIGGER,CANCELED,OUO,OL-20250303-143000-001-MA_CROSS-19,['O-20250303-143000-001-MA_CROSS-57'],O-20250303-143000-001-MA_CROSS-56,,,,['MA_CROSS_TP'],aa36b6d6-53fd-4c1e-8cf0-c9e724307cd0,1741012200000000000,1741032060000000000,,,,,1.05596,True,
BACKTESTER-001,MovingAverageCrossover-MA_CROSS,EUR/USD.IDEALPRO,IDEALPRO-1-059,EUR/USD.IDEALPRO-MovingAverageCrossover-MA_CROSS,IDEALPRO-001,IDEALPRO-1-71928,MARKET,SELL,100000.00,GTC,False,False,100000.00,TAKER,1.08733500000025,0.0,['2.17 USD'],NO_TRIGGER,FILLED,OTO,OL-20250313-090000-001-MA_CROSS-20,"['O-20250313-090000-001-MA_CROSS-60', 'O-20250313-090000-001-MA_CROSS-61']",,,,,['MA_CROSS'],7abedd13-6b02-4ce3-9574-303e14405228,1741856400000000000,1741856400000000000,,,,,,,
BACKTESTER-001,MovingAverageCrossover-MA_CROSS,EUR/USD.IDEALPRO,IDEALPRO-1-060,EUR/USD.IDEALPRO-MovingAverageCrossover-MA_CROSS,IDEALPRO-001,IDEALPRO-1-73460,STOP_MARKET,BUY,100000.00,GTC,True,False,100000.00,TAKER,1.0888449999997503,4.9999997502325755e-06,['2.18 USD'],NO_TRIGGER,FILLED,OUO,OL-20250313-090000-001-MA_CROSS-20,['O-20250313-090000-001-MA_CROSS-61'],O-20250313-090000-001-MA_CROSS-59,,,,['MA_CROSS_SL'],e2390835-f33a-4a91-8edf-397295132565,1741856400000000000,1741949100000000000,1.08884,DEFAULT,,,,,
BACKTESTER-001,MovingAverageCrossover-MA_CROSS,EUR/USD.IDEALPRO,IDEALPRO-1-061,EUR/USD.IDEALPRO-MovingAverageCrossover-MA_CROSS,IDEALPRO-001,,LIMIT,BUY,99999.99,GTC,True,False,0.00,NO_LIQUIDITY_SIDE,,,,NO_TRIGGER,CANCELED,OUO,OL-20250313-090000-001-MA_CROSS-20,['O-20250313-090000-001-MA_CROSS-60'],O-20250313-090000-001-MA_CROSS-59,,,,['MA_CROSS_TP'],94c3af1c-4d54-4412-a8c0-c48a4120b7dd,1741856400000000000,1741949100000000000,,,,,1.07984,True,
BACKTESTER-001,MovingAverageCrossover-MA_CROSS,EUR/USD.IDEALPRO,IDEALPRO-1-062,EUR/USD.IDEALPRO-MovingAverageCrossover-MA_CROSS,IDEALPRO-001,IDEALPRO-1-73957,MARKET,BUY,100000.00,GTC,False,False,100000.00,TAKER,1.08802499999975,0.0,['2.18 USD'],NO_TRIGGER,FILLED,OTO,OL-20250314-190000-001-MA_CROSS-21,"['O-20250314-190000-001-MA_CROSS-63', 'O-20250314-190000-001-MA_CROSS-64']",,,,,['MA_CROSS'],f8212b1d-1998-4bd4-b99f-4bd69cf55528,1741978800000000000,1741978800000000000,,,,,,,
BACKTESTER-001,MovingAverageCrossover-MA_CROSS,EUR/USD.IDEALPRO,IDEALPRO-1-063,EUR/USD.IDEALPRO-MovingAverageCrossover-MA_CROSS,IDEALPRO-001,,STOP_MARKET,SELL,99999.99,GTC,True,False,0.00,NO_LIQUIDITY_SIDE,,,,NO_TRIGGER,CANCELED,OUO,OL-20250314-190000-001-MA_CROSS-21,['O-20250314-190000-001-MA_CROSS-64'],O-20250314-190000-001-MA_CROSS-62,,,,['MA_CROSS_SL'],af046510-cb24-463e-a2f7-9bbcb4d5337c,1741978800000000000,1742392800000000000,1.08652,DEFAULT,,,,,
BACKTESTER-001,MovingAverageCrossover-MA_CROSS,EUR/USD.IDEALPRO,IDEALPRO-1-064,EUR/USD.IDEALPRO-MovingAverageCrossover-MA_CROSS,IDEALPRO-001,,LIMIT,SELL,99999.99,GTC,True,False,0.00,NO_LIQUIDITY_SIDE,,,,NO_TRIGGER,CANCELED,OUO,OL-20250314-190000-001-MA_CROSS-21,['O-20250314-190000-001-MA_CROSS-63'],O-20250314-190000-001-MA_CROSS-62,,,,['MA_CROSS_TP'],2b71f425-dd92-4b68-9298-f110246b04ca,1741978800000000000,1742392800000000000,,,,,1.09552,True,
BACKTESTER-001,MovingAverageCrossover-MA_CROSS,EUR/USD.IDEALPRO,IDEALPRO-1-065,EUR/USD.IDEALPRO-MovingAverageCrossover-MA_CROSS,IDEALPRO-001,IDEALPRO-1-77934,MARKET,SELL,100000.00,GTC,True,False,100000.00,TAKER,1.08944500000025,0.0,['2.18 USD'],NO_TRIGGER,FILLED,NO_CONTINGENCY,,,,,,,,707dba84-9b25-424c-ad4a-2ffebfd37876,1742392800000000000,1742392800000000000,,,,,,,
BACKTESTER-001,MovingAverageCrossover-MA_CROSS,EUR/USD.IDEALPRO,IDEALPRO-1-066,EUR/USD.IDEALPRO-MovingAverageCrossover-MA_CROSS,IDEALPRO-001,IDEALPRO-1-86831,MARKET,BUY,100000.00,GTC,False,False,100000.00,TAKER,1.0798749999997501,0.0,['2.16 USD'],NO_TRIGGER,FILLED,OTO,OL-20250327-194500-001-MA_CROSS-22,"['O-20250327-194500-001-MA_CROSS-67', 'O-20250327-194500-001-MA_CROSS-68']",,,,,['MA_CROSS'],70b0a460-f938-4cbe-8e35-6b16111a4d7e,1743104700000000000,1743104700000000000,,,,,,,
BACKTESTER-001,MovingAverageCrossover-MA_CROSS,EUR/USD.IDEALPRO,IDEALPRO-1-067,EUR/USD.IDEALPRO-MovingAverageCrossover-MA_CROSS,IDEALPRO-001,IDEALPRO-1-87471,STOP_MARKET,SELL,100000.00,GTC,True,False,100000.00,TAKER,1.07836500000025,4.999999750010531e-06,['2.16 USD'],NO_TRIGGER,FILLED,OUO,OL-20250327-194500-001-MA_CROSS-22,['O-20250327-194500-001-MA_CROSS-68'],O-20250327-194500-001-MA_CROSS-66,,,,['MA_CROSS_SL'],1e3ad73c-0937-43e5-b5c5-4be6779a5817,1743104700000000000,1743143880000000000,1.07837,DEFAULT,,,,,
BACKTESTER-001,MovingAverageCrossover-MA_CROSS,EUR/USD.IDEALPRO,IDEALPRO-1-068,EUR/USD.IDEALPRO-MovingAverageCrossover-MA_CROSS,IDEALPRO-001,,LIMIT,SELL,99999.99,GTC,True,False,0.00,NO_LIQUIDITY_SIDE,,,,NO_TRIGGER,CANCELED,OUO,OL-20250327-194500-001-MA_CROSS-22,['O-20250327-194500-001-MA_CROSS-67'],O-20250327-194500-001-MA_CROSS-66,,,,['MA_CROSS_TP'],cdefba9e-5771-4ada-82bf-5e5a47316179,1743104700000000000,1743143880000000000,,,,,1.08737,True,
BACKTESTER-001,MovingAverageCrossover-MA_CROSS,EUR/USD.IDEALPRO,IDEALPRO-1-069,EUR/USD.IDEALPRO-MovingAverageCrossover-MA_CROSS,IDEALPRO-001,IDEALPRO-1-90705,MARKET,SELL,100000.00,GTC,False,False,100000.00,TAKER,1.0787150000002501,0.0,['2.16 USD'],NO_TRIGGER,FILLED,OTO,OL-20250401-130000-001-MA_CROSS-23,"['O-20250401-130000-001-MA_CROSS-70', 'O-20250401-130000-001-MA_CROSS-71']",,,,,['MA_CROSS'],82977274-058e-4ec8-aee1-e369f9254d72,1743512400000000000,1743512400000000000,,,,,,,
BACKTESTER-001,MovingAverageCrossover-MA_CROSS,EUR/USD.IDEALPRO,IDEALPRO-1-070,EUR/USD.IDEALPRO-MovingAverageCrossover-MA_CROSS,IDEALPRO-001,IDEALPRO-1-90777,STOP_MARKET,BUY,100000.00,GTC,True,False,100000.00,TAKER,1.08022499999975,4.999999750010531e-06,['2.16 USD'],NO_TRIGGER,FILLED,OUO,OL-20250401-130000-001-MA_CROSS-23,['O-20250401-130000-001-MA_CROSS-71'],O-20250401-130000-001-MA_CROSS-69,,,,['MA_CROSS_SL'],05e48b95-c7fc-4b62-ac10-8e47bfc82b8b,1743512400000000000,1743516600000000000,1.08022,DEFAULT,,,,,
BACKTESTER-001,MovingAverageCrossover-MA_CROSS,EUR/USD.IDEALPRO,IDEALPRO-1-071,EUR/USD.IDEALPRO-MovingAverageCrossover-MA_CROSS,IDEALPRO-001,,LIMIT,BUY,99999.99,GTC,True,False,0.00,NO_LIQUIDITY_SIDE,,,,NO_TRIGGER,CANCELED,OUO,OL-20250401-130000-001-MA_CROSS-23,['O-20250401-130000-001-MA_CROSS-70'],O-20250401-130000-001-MA_CROSS-69,,,,['MA_CROSS_TP'],08cb0398-0ecc-4a81-a487-6843307a3007,1743512400000000000,1743516600000000000,,,,,1.07122,True,
BACKTESTER-001,MovingAverageCrossover-MA_CROSS,EUR/USD.IDEALPRO,IDEALPRO-1-072,EUR/USD.IDEALPRO-MovingAverageCrossover-MA_CROSS,IDEALPRO-001,IDEALPRO-1-92389,MARKET,BUY,100000.00,GTC,False,False,100000.00,TAKER,1.0854349999997501,0.0,['2.17 USD'],NO_TRIGGER,FILLED,OTO,OL-20250402-171500-001-MA_CROSS-24,"['O-20250402-171500-001-MA_CROSS-73', 'O-20250402-171500-001-MA_CROSS-74']",,,,,['MA_CROSS'],ea79087a-7e38-4d51-8d2b-b3a4690da5cd,1743614100000000000,1743614100000000000,,,,,,,
BACKTESTER-001,MovingAverageCrossover-MA_CROSS,EUR/USD.IDEALPRO,IDEALPRO-1-073,EUR/USD.IDEALPRO-MovingAverageCrossover-MA_CROSS,IDEALPRO-001,IDEALPRO-1-92568,STOP_MARKET,SELL,100000.00,GTC,True,False,100000.00,TAKER,1.08392500000025,4.999999750010531e-06,['2.17 USD'],NO_TRIGGER,FILLED,OUO,OL-20250402-171500-001-MA_CROSS-24,['O-20250402-171500-001-MA_CROSS-74'],O-20250402-171500-001-MA_CROSS-72,,,,['MA_CROSS_SL'],f3949a55-5938-4c09-bc32-a36aacac2e80,1743614100000000000,1743624720000000000,1.08393,DEFAULT,,,,,
BACKTESTER-001,MovingAverageCrossover-MA_CROSS,EUR/USD.IDEALPRO,IDEALPRO-1-074,EUR/USD.IDEALPRO-MovingAverageCrossover-MA_CROSS,IDEALPRO-001,,LIMIT,SELL,99999.99,GTC,True,False,0.00,NO_LIQUIDITY_SIDE,,,,NO_TRIGGER,CANCELED,OUO,OL-20250402-171500-001-MA_CROSS-24,['O-20250402-171500-001-MA_CROSS-73'],O-20250402-171500-001-MA_CROSS-72,,,,['MA_CROSS_TP'],0363e139-3139-43e0-8e3b-83225de68a8f,1743614100000000000,1743624720000000000,,,,,1.09293,True,
BACKTESTER-001,MovingAverageCrossover-MA_CROSS,EUR/USD.IDEALPRO,IDEALPRO-1-075,EUR/USD.IDEALPRO-MovingAverageCrossover-MA_CROSS,IDEALPRO-001,IDEALPRO-1-95768,MARKET,SELL,100000.00,GTC,False,False,100000.00,TAKER,1.0954950000002501,0.0,['2.19 USD'],NO_TRIGGER,FILLED,OTO,OL-20250407-021500-001-MA_CROSS-25,"['O-20250407-021500-001-MA_CROSS-76', 'O-20250407-021500-001-MA_CROSS-77']",,,,,['MA_CROSS'],5875d341-e6f0-4307-8688-4a4b4e357b85,1743992100000000000,1743992100000000000,,,,,,,
BACKTESTER-001,MovingAverageCrossover-MA_CROSS,EUR/USD.IDEALPRO,IDEALPRO-1-076,EUR/USD.IDEALPRO-MovingAverageCrossover-MA_CROSS,IDEALPRO-001,IDEALPRO-1-95899,STOP_MARKET,BUY,100000.00,GTC,True,False,100000.00,TAKER,1.09700499999975,4.999999750010531e-06,['2.19 USD'],NO_TRIGGER,FILLED,OUO,OL-20250407-021500-001-MA_CROSS-25,['O-20250407-021500-001-MA_CROSS-77'],O-20250407-021500-001-MA_CROSS-75,,,,['MA_CROSS_SL'],7fdad896-9713-4b81-8419-0074afdce85a,1743992100000000000,1743999840000000000,1.09700,DEFAULT,,,,,
BACKTESTER-001,MovingAverageCrossover-MA_CROSS,EUR/USD.IDEALPRO,IDEALPRO-1-077,EUR/USD.IDEALPRO-MovingAverageCrossover-MA_CROSS,IDEALPRO-001,,LIMIT,BUY,99999.99,GTC,True,False,0.00,NO_LIQUIDITY_SIDE,,,,NO_TRIGGER,CANCELED,OUO,OL-20250407-021500-001-MA_CROSS-25,['O-20250407-021500-001-MA_CROSS-76'],O-20250407-021500-001-MA_CROSS-75,,,,['MA_CROSS_TP'],33949d07-ca47-43d7-951a-6f138b020ddb,1743992100000000000,1743999840000000000,,,,,1.08800,True,
BACKTESTER-001,MovingAverageCrossover-MA_CROSS,EUR/USD.IDEALPRO,IDEALPRO-1-078,EUR/USD.IDEALPRO-MovingAverageCrossover-MA_CROSS,IDEALPRO-001,IDEALPRO-1-98637,MARKET,BUY,100000.00,GTC,False,False,100000.00,TAKER,1.10235499999975,0.0,['2.20 USD'],NO_TRIGGER,FILLED,OTO,OL-20250409-023000-001-MA_CROSS-26,"['O-20250409-023000-001-MA_CROSS-79', 'O-20250409-023000-001-MA_CROSS-80']",,,,,['MA_CROSS'],82566a3b-397e-4fb6-aae5-30b2311e3c44,1744165800000000000,1744165800000000000,,,,,,,
BACKTESTER-001,MovingAverageCrossover-MA_CROSS,EUR/USD.IDEALPRO,IDEALPRO-1-079,EUR/USD.IDEALPRO-MovingAverageCrossover-MA_CROSS,IDEALPRO-001,IDEALPRO-1-98971,STOP_MARKET,SELL,100000.00,GTC,True,False,100000.00,TAKER,1.10084500000025,4.999999750010531e-06,['2.20 USD'],NO_TRIGGER,FILLED,OUO,OL-20250409-023000-001-MA_CROSS-26,['O-20250409-023000-001-MA_CROSS-80'],O-20250409-023000-001-MA_CROSS-78,,,,['MA_CROSS_SL'],9bc66df6-932e-422c-997c-a9ed8498b554,1744165800000000000,1744185720000000000,1.10085,DEFAULT,,,,,
BACKTESTER-001,MovingAverageCrossover-MA_CROSS,EUR/USD.IDEALPRO,IDEALPRO-1-080,EUR/USD.IDEALPRO-MovingAverageCrossover-MA_CROSS,IDEALPRO-001,,LIMIT,SELL,99999.99,GTC,True,False,0.00,NO_LIQUIDITY_SIDE,,,,NO_TRIGGER,CANCELED,OUO,OL-20250409-023000-001-MA_CROSS-26,['O-20250409-023000-001-MA_CROSS-79'],O-20250409-023000-001-MA_CROSS-78,,,,['MA_CROSS_TP'],8b7ed96c-ca21-40cb-beb6-4211cad89a3d,1744165800000000000,1744185720000000000,,,,,1.10985,True,
BACKTESTER-001,MovingAverageCrossover-MA_CROSS,EUR/USD.IDEALPRO,IDEALPRO-1-081,EUR/USD.IDEALPRO-MovingAverageCrossover-MA_CROSS,IDEALPRO-001,IDEALPRO-1-100051,MARKET,SELL,100000.00,GTC,False,False,100000.00,TAKER,1.09628500000025,0.0,['2.19 USD'],NO_TRIGGER,FILLED,OTO,OL-20250410-021500-001-MA_CROSS-27,"['O-20250410-021500-001-MA_CROSS-82', 'O-20250410-021500-001-MA_CROSS-83']",,,,,['MA_CROSS'],6a5d03ad-f96e-4ced-a1b5-55765665b96d,1744251300000000000,1744251300000000000,,,,,,,
BACKTESTER-001,MovingAverageCrossover-MA_CROSS,EUR/USD.IDEALPRO,IDEALPRO-1-082,EUR/USD.IDEALPRO-MovingAverageCrossover-MA_CROSS,IDEALPRO-001,IDEALPRO-1-100103,STOP_MARKET,BUY,100000.00,GTC,True,False,100000.00,TAKER,1.0977949999997503,4.9999997502325755e-06,['2.20 USD'],NO_TRIGGER,FILLED,OUO,OL-20250410-021500-001-MA_CROSS-27,['O-20250410-021500-001-MA_CROSS-83'],O-20250410-021500-001-MA_CROSS-81,,,,['MA_CROSS_SL'],1c685f6d-c314-4c90-bc3a-0b90007f0b5a,1744251300000000000,1744254300000000000,1.09779,DEFAULT,,,,,
BACKTESTER-001,MovingAverageCrossover-MA_CROSS,EUR/USD.IDEALPRO,IDEALPRO-1-083,EUR/USD.IDEALPRO-MovingAverageCrossover-MA_CROSS,IDEALPRO-001,,LIMIT,BUY,99999.99,GTC,True,False,0.00,NO_LIQUIDITY_SIDE,,,,NO_TRIGGER,CANCELED,OUO,OL-20250410-021500-001-MA_CROSS-27,['O-20250410-021500-001-MA_CROSS-82'],O-20250410-021500-001-MA_CROSS-81,,,,['MA_CROSS_TP'],549aaf30-b2b6-4896-a769-635b420b78a3,1744251300000000000,1744254300000000000,,,,,1.08879,True,
BACKTESTER-001,MovingAverageCrossover-MA_CROSS,EUR/USD.IDEALPRO,IDEALPRO-1-084,EUR/USD.IDEALPRO-MovingAverageCrossover-MA_CROSS,IDEALPRO-001,IDEALPRO-1-100400,MARKET,BUY,100000.00,GTC,False,False,100000.00,TAKER,1.10265499999975,0.0,['2.21 USD'],NO_TRIGGER,FILLED,OTO,OL-20250410-080000-001-MA_CROSS-28,"['O-20250410-080000-001-MA_CROSS-85', 'O-20250410-080000-001-MA_CROSS-86']",,,,,['MA_CROSS'],00ce1521-c6ce-4dfe-b03a-9b3d6c168c84,1744272000000000000,1744272000000000000,,,,,,,
BACKTESTER-001,MovingAverageCrossover-MA_CROSS,EUR/USD.IDEALPRO,IDEALPRO-1-085,EUR/USD.IDEALPRO-MovingAverageCrossover-MA_CROSS,IDEALPRO-001,,STOP_MARKET,SELL,99999.99,GTC,True,False,0.00,NO_LIQUIDITY_SIDE,,,,NO_TRIGGER,CANCELED,OUO,OL-20250410-080000-001-MA_CROSS-28,['O-20250410-080000-001-MA_CROSS-86'],O-20250410-080000-001-MA_CROSS-84,,,,['MA_CROSS_SL'],498a6f38-3ad6-4ea7-8008-2dbe3be5e8d0,1744272000000000000,1744288020000000000,1.10115,DEFAULT,,,,,
BACKTESTER-001,MovingAverageCrossover-MA_CROSS,EUR/USD.IDEALPRO,IDEALPRO-1-086,EUR/USD.IDEALPRO-MovingAverageCrossover-MA_CROSS,IDEALPRO-001,IDEALPRO-1-100669,LIMIT,SELL,100000.00,GTC,True,False,100000.00,MAKER,1.11015,0.0,['2.22 USD'],NO_TRIGGER,FILLED,OUO,OL-20250410-080000-001-MA_CROSS-28,['O-20250410-080000-001-MA_CROSS-85'],O-20250410-080000-001-MA_CROSS-84,,,,['MA_CROSS_TP'],a52d61ed-9309-465b-a4e3-8d58c36ae8cc,1744272000000000000,1744288020000000000,,,,,1.11015,True,
BACKTESTER-001,MovingAverageCrossover-MA_CROSS,EUR/USD.IDEALPRO,IDEALPRO-1-087,EUR/USD.IDEALPRO-MovingAverageCrossover-MA_CROSS,IDEALPRO-001,IDEALPRO-1-105114,MARKET,SELL,100000.00,GTC,False,False,100000.00,TAKER,1.1316650000002502,0.0,['2.26 USD'],NO_TRIGGER,FILLED,OTO,OL-20250415-151500-001-MA_CROSS-29,"['O-20250415-151500-001-MA_CROSS-88', 'O-20250415-151500-001-MA_CROSS-89']",,,,,['MA_CROSS'],dde4b5b2-e407-43cd-84d4-0527518ab84d,1744730100000000000,1744730100000000000,,,,,,,
BACKTESTER-001,MovingAverageCrossover-MA_CROSS,EUR/USD.IDEALPRO,IDEALPRO-1-088,EUR/USD.IDEALPRO-MovingAverageCrossover-MA_CROSS,IDEALPRO-001,IDEALPRO-1-105779,STOP_MARKET,BUY,100000.00,GTC,True,False,100000.00,TAKER,1.13317499999975,4.999999750010531e-06,['2.27 USD'],NO_TRIGGER,FILLED,OUO,OL-20250415-151500-001-MA_CROSS-29,['O-20250415-151500-001-MA_CROSS-89'],O-20250415-151500-001-MA_CROSS-87,,,,['MA_CROSS_SL'],6fc75fa7-5280-4ff3-9528-9dd64b75cb4b,1744730100000000000,1744770780000000000,1.13317,DEFAULT,,,,,
BACKTESTER-001,MovingAverageCrossover-MA_CROSS,EUR/USD.IDEALPRO,IDEALPRO-1-089,EUR/USD.IDEALPRO-MovingAverageCrossover-MA_CROSS,IDEALPRO-001,,LIMIT,BUY,99999.99,GTC,True,False,0.00,NO_LIQUIDITY_SIDE,,,,NO_TRIGGER,CANCELED,OUO,OL-20250415-151500-001-MA_CROSS-29,['O-20250415-151500-001-MA_CROSS-88'],O-20250415-151500-001-MA_CROSS-87,,,,['MA_CROSS_TP'],1024b029-6d40-4d9c-b4d5-380d62e52e51,1744730100000000000,1744770780000000000,,,,,1.12417,True,
BACKTESTER-001,MovingAverageCrossover-MA_CROSS,EUR/USD.IDEALPRO,IDEALPRO-1-090,EUR/USD.IDEALPRO-MovingAverageCrossover-MA_CROSS,IDEALPRO-001,IDEALPRO-1-106198,MARKET,BUY,100000.00,GTC,False,False,100000.00,TAKER,1.1367149999997501,0.0,['2.27 USD'],NO_TRIGGER,FILLED,OTO,OL-20250416-093000-001-MA_CROSS-30,"['O-20250416-093000-001-MA_CROSS-91', 'O-20250416-093000-001-MA_CROSS-92']",,,,,['MA_CROSS'],cd165aba-8738-422f-a182-6edc8dd17f7b,1744795800000000000,1744795800000000000,,,,,,,
BACKTESTER-001,MovingAverageCrossover-MA_CROSS,EUR/USD.IDEALPRO,IDEALPRO-1-091,EUR/USD.IDEALPRO-MovingAverageCrossover-MA_CROSS,IDEALPRO-001,IDEALPRO-1-106362,STOP_MARKET,SELL,100000.00,GTC,True,False,100000.00,TAKER,1.13520500000025,4.999999750010531e-06,['2.27 USD'],NO_TRIGGER,FILLED,OUO,OL-20250416-093000-001-MA_CROSS-30,['O-20250416-093000-001-MA_CROSS-92'],O-20250416-093000-001-MA_CROSS-90,,,,['MA_CROSS_SL'],3992d031-332f-4c2c-8bfe-76a9a49f6404,1744795800000000000,1744805520000000000,1.13521,DEFAULT,,,,,
BACKTESTER-001,MovingAverageCrossover-MA_CROSS,EUR/USD.IDEALPRO,IDEALPRO-1-092,EUR/USD.IDEALPRO-MovingAverageCrossover-MA_CROSS,IDEALPRO-001,,LIMIT,SELL,99999.99,GTC,True,False,0.00,NO_LIQUIDITY_SIDE,,,,NO_TRIGGER,CANCELED,OUO,OL-20250416-093000-001-MA_CROSS-30,['O-20250416-093000-001-MA_CROSS-91'],O-20250416-093000-001-MA_CROSS-90,,,,['MA_CROSS_TP'],b4d9c646-dc1e-4d3d-9aa3-7c1dff5f7b59,1744795800000000000,1744805520000000000,,,,,1.14421,True,
BACKTESTER-001,MovingAverageCrossover-MA_CROSS,EUR/USD.IDEALPRO,IDEALPRO-1-093,EUR/USD.IDEALPRO-MovingAverageCrossover-MA_CROSS,IDEALPRO-001,IDEALPRO-1-112412,MARKET,SELL,100000.00,GTC,False,False,100000.00,TAKER,1.1418350000002502,0.0,['2.28 USD'],NO_TRIGGER,FILLED,OTO,OL-20250422-204500-001-MA_CROSS-31,"['O-20250422-204500-001-MA_CROSS-94', 'O-20250422-204500-001-MA_CROSS-95']",,,,,['MA_CROSS'],2573446b-2e6e-40c2-a71b-5059a8ae254c,1745354700000000000,1745354700000000000,,,,,,,
BACKTESTER-001,MovingAverageCrossover-MA_CROSS,EUR/USD.IDEALPRO,IDEALPRO-1-094,EUR/USD.IDEALPRO-MovingAverageCrossover-MA_CROSS,IDEALPRO-001,,STOP_MARKET,BUY,99999.99,GTC,True,False,0.00,NO_LIQUIDITY_SIDE,,,,NO_TRIGGER,CANCELED,OUO,OL-20250422-204500-001-MA_CROSS-31,['O-20250422-204500-001-MA_CROSS-95'],O-20250422-204500-001-MA_CROSS-93,,,,['MA_CROSS_SL'],88df40ca-5d7e-41be-bac4-64fca4b887b0,1745354700000000000,1745359500000000000,1.14334,DEFAULT,,,,,
BACKTESTER-001,MovingAverageCrossover-MA_CROSS,EUR/USD.IDEALPRO,IDEALPRO-1-095,EUR/USD.IDEALPRO-MovingAverageCrossover-MA_CROSS,IDEALPRO-001,IDEALPRO-1-112479,LIMIT,BUY,100000.00,GTC,True,False,100000.00,MAKER,1.13434,0.0,['2.27 USD'],NO_TRIGGER,FILLED,OUO,OL-20250422-204500-001-MA_CROSS-31,['O-20250422-204500-001-MA_CROSS-94'],O-20250422-204500-001-MA_CROSS-93,,,,['MA_CROSS_TP'],0d850e41-cfba-4b12-8aa0-bd7590e4cba8,1745354700000000000,1745359500000000000,,,,,1.13434,True,
BACKTESTER-001,MovingAverageCrossover-MA_CROSS,EUR/USD.IDEALPRO,IDEALPRO-1-096,EUR/USD.IDEALPRO-MovingAverageCrossover-MA_CROSS,IDEALPRO-001,IDEALPRO-1-116886,MARKET,BUY,100000.00,GTC,False,False,100000.00,TAKER,1.1357649999997501,0.0,['2.27 USD'],NO_TRIGGER,FILLED,OTO,OL-20250428-001500-001-MA_CROSS-32,"['O-20250428-001500-001-MA_CROSS-97', 'O-20250428-001500-001-MA_CROSS-98']",,,,,['MA_CROSS'],76f5f974-8714-4857-96be-4f0db18e2e08,1745799300000000000,1745799300000000000,,,,,,,
BACKTESTER-001,MovingAverageCrossover-MA_CROSS,EUR/USD.IDEALPRO,IDEALPRO-1-097,EUR/USD.IDEALPRO-MovingAverageCrossover-MA_CROSS,IDEALPRO-001,,STOP_MARKET,SELL,99999.99,GTC,True,False,0.00,NO_LIQUIDITY_SIDE,,,,NO_TRIGGER,CANCELED,OUO,OL-20250428-001500-001-MA_CROSS-32,['O-20250428-001500-001-MA_CROSS-98'],O-20250428-001500-001-MA_CROSS-96,,,,['MA_CROSS_SL'],468cd213-4a4e-4821-a3a4-f0b439f70e07,1745799300000000000,1745821800000000000,1.13426,DEFAULT,,,,,
BACKTESTER-001,MovingAverageCrossover-MA_CROSS,EUR/USD.IDEALPRO,IDEALPRO-1-098,EUR/USD.IDEALPRO-MovingAverageCrossover-MA_CROSS,IDEALPRO-001,,LIMIT,SELL,99999.99,GTC,True,False,0.00,NO_LIQUIDITY_SIDE,,,,NO_TRIGGER,CANCELED,OUO,OL-20250428-001500-001-MA_CROSS-32,['O-20250428-001500-001-MA_CROSS-97'],O-20250428-001500-001-MA_CROSS-96,,,,['MA_CROSS_TP'],e266fe05-1cbe-44b0-843a-4c59efb0990d,1745799300000000000,1745821800000000000,,,,,1.14326,True,
BACKTESTER-001,MovingAverageCrossover-MA_CROSS,EUR/USD.IDEALPRO,IDEALPRO-1-099,EUR/USD.IDEALPRO-MovingAverageCrossover-MA_CROSS,IDEALPRO-001,IDEALPRO-1-117263,MARKET,SELL,100000.00,GTC,True,False,100000.00,TAKER,1.13652500000025,0.0,['2.27 USD'],NO_TRIGGER,FILLED,NO_CONTINGENCY,,,,,,,,dad52dc8-48f9-40f8-9c13-b401c5ff780e,1745821800000000000,1745821800000000000,,,,,,,
BACKTESTER-001,MovingAverageCrossover-MA_CROSS,EUR/USD.IDEALPRO,IDEALPRO-1-100,EUR/USD.IDEALPRO-MovingAverageCrossover-MA_CROSS,IDEALPRO-001,IDEALPRO-1-117895,MARKET,BUY,100000.00,GTC,False,False,100000.00,TAKER,1.1411649999997502,0.0,['2.28 USD'],NO_TRIGGER,FILLED,OTO,OL-20250428-170000-001-MA_CROSS-33,"['O-20250428-170000-001-MA_CROSS-101', 'O-20250428-170000-001-MA_CROSS-102']",,,,,['MA_CROSS'],5a1ac352-f8f8-4ecc-8706-b3260a0feb1b,1745859600000000000,1745859600000000000,,,,,,,
BACKTESTER-001,MovingAverageCrossover-MA_CROSS,EUR/USD.IDEALPRO,IDEALPRO-1-101,EUR/USD.IDEALPRO-MovingAverageCrossover-MA_CROSS,IDEALPRO-001,IDEALPRO-1-118403,STOP_MARKET,SELL,100000.00,GTC,True,False,100000.00,TAKER,1.13965500000025,4.999999749788486e-06,['2.28 USD'],NO_TRIGGER,FILLED,OUO,OL-20250428-170000-001-MA_CROSS-33,['O-20250428-170000-001-MA_CROSS-102'],O-20250428-170000-001-MA_CROSS-100,,,,['MA_CROSS_SL'],3102ab26-3051-46c7-b21e-c0b55d544486,1745859600000000000,1745890860000000000,1.13966,DEFAULT,,,,,
BACKTESTER-001,MovingAverageCrossover-MA_CROSS,EUR/USD.IDEALPRO,IDEALPRO-1-102,EUR/USD.IDEALPRO-MovingAverageCrossover-MA_CROSS,IDEALPRO-001,,LIMIT,SELL,99999.99,GTC,True,False,0.00,NO_LIQUIDITY_SIDE,,,,NO_TRIGGER,CANCELED,OUO,OL-20250428-170000-001-MA_CROSS-33,['O-20250428-170000-001-MA_CROSS-101'],O-20250428-170000-001-MA_CROSS-100,,,,['MA_CROSS_TP'],aad55def-d6f6-4b5a-a202-1dbba94d4a58,1745859600000000000,1745890860000000000,,,,,1.14866,True,
BACKTESTER-001,MovingAverageCrossover-MA_CROSS,EUR/USD.IDEALPRO,IDEALPRO-1-103,EUR/USD.IDEALPRO-MovingAverageCrossover-MA_CROSS,IDEALPRO-001,IDEALPRO-1-120254,MARKET,SELL,100000.00,GTC,False,False,100000.00,TAKER,1.13643500000025,0.0,['2.27 USD'],NO_TRIGGER,FILLED,OTO,OL-20250430-084500-001-MA_CROSS-34,"['O-20250430-084500-001-MA_CROSS-104', 'O-20250430-084500-001-MA_CROSS-105']",,,,,['MA_CROSS'],38b3208c-dfa3-4d22-9439-ca16efc6dd19,1746002700000000000,1746002700000000000,,,,,,,
BACKTESTER-001,MovingAverageCrossover-MA_CROSS,EUR/USD.IDEALPRO,IDEALPRO-1-104,EUR/USD.IDEALPRO-MovingAverageCrossover-MA_CROSS,IDEALPRO-001,IDEALPRO-1-120315,STOP_MARKET,BUY,100000.00,GTC,True,False,100000.00,TAKER,1.1379449999997502,4.9999997502325755e-06,['2.28 USD'],NO_TRIGGER,FILLED,OUO,OL-20250430-084500-001-MA_CROSS-34,['O-20250430-084500-001-MA_CROSS-105'],O-20250430-084500-001-MA_CROSS-103,,,,['MA_CROSS_SL'],105e9d55-fe0c-4fc1-8798-71da151e459d,1746002700000000000,1746006240000000000,1.13794,DEFAULT,,,,,
BACKTESTER-001,MovingAverageCrossover-MA_CROSS,EUR/USD.IDEALPRO,IDEALPRO-1-105,EUR/USD.IDEALPRO-MovingAverageCrossover-MA_CROSS,IDEALPRO-001,,LIMIT,BUY,99999.99,GTC,True,False,0.00,NO_LIQUIDITY_SIDE,,,,NO_TRIGGER,CANCELED,OUO,OL-20250430-084500-001-MA_CROSS-34,['O-20250430-084500-001-MA_CROSS-104'],O-20250430-084500-001-MA_CROSS-103,,,,['MA_CROSS_TP'],3e2921ba-6a1e-47c9-9760-e70d1dfcade9,1746002700000000000,1746006240000000000,,,,,1.12894,True,
BACKTESTER-001,MovingAverageCrossover-MA_CROSS,EUR/USD.IDEALPRO,IDEALPRO-1-106,EUR/USD.IDEALPRO-MovingAverageCrossover-MA_CROSS,IDEALPRO-001,IDEALPRO-1-124533,MARKET,BUY,100000.00,GTC,False,False,100000.00,TAKER,1.13277499999975,0.0,['2.27 USD'],NO_TRIGGER,FILLED,OTO,OL-20250505-084500-001-MA_CROSS-35,"['O-20250505-084500-001-MA_CROSS-107', 'O-20250505-084500-001-MA_CROSS-108']",,,,,['MA_CROSS'],868dfa2f-0351-468d-87b7-2340061e120c,1746434700000000000,1746434700000000000,,,,,,,
BACKTESTER-001,MovingAverageCrossover-MA_CROSS,EUR/USD.IDEALPRO,IDEALPRO-1-107,EUR/USD.IDEALPRO-MovingAverageCrossover-MA_CROSS,IDEALPRO-001,IDEALPRO-1-124970,STOP_MARKET,SELL,100000.00,GTC,True,False,100000.00,TAKER,1.13126500000025,4.999999750010531e-06,['2.26 USD'],NO_TRIGGER,FILLED,OUO,OL-20250505-084500-001-MA_CROSS-35,['O-20250505-084500-001-MA_CROSS-108'],O-20250505-084500-001-MA_CROSS-106,,,,['MA_CROSS_SL'],1de40e67-59bf-4b2f-9765-ad67f6e30f84,1746434700000000000,1746460800000000000,1.13127,DEFAULT,,,,,
BACKTESTER-001,MovingAverageCrossover-MA_CROSS,EUR/USD.IDEALPRO,IDEALPRO-1-108,EUR/USD.IDEALPRO-MovingAverageCrossover-MA_CROSS,IDEALPRO-001,,LIMIT,SELL,99999.99,GTC,True,False,0.00,NO_LIQUIDITY_SIDE,,,,NO_TRIGGER,CANCELED,OUO,OL-20250505-084500-001-MA_CROSS-35,['O-20250505-084500-001-MA_CROSS-107'],O-20250505-084500-001-MA_CROSS-106,,,,['MA_CROSS_TP'],7db531a0-eae9-4f35-9901-49bca0931df7,1746434700000000000,1746460800000000000,,,,,1.14027,True,
BACKTESTER-001,MovingAverageCrossover-MA_CROSS,EUR/USD.IDEALPRO,IDEALPRO-1-109,EUR/USD.IDEALPRO-MovingAverageCrossover-MA_CROSS,IDEALPRO-001,IDEALPRO-1-125497,MARKET,SELL,100000.00,GTC,False,False,100000.00,TAKER,1.1286050000002499,0.0,['2.26 USD'],NO_TRIGGER,FILLED,OTO,OL-20250506-010000-001-MA_CROSS-36,"['O-20250506-010000-001-MA_CROSS-110', 'O-20250506-010000-001-MA_CROSS-111']",,,,,['MA_CROSS'],2c610738-5294-4a55-a7db-d540cab07d25,1746493200000000000,1746493200000000000,,,,,,,
BACKTESTER-001,MovingAverageCrossover-MA_CROSS,EUR/USD.IDEALPRO,IDEALPRO-1-110,EUR/USD.IDEALPRO-MovingAverageCrossover-MA_CROSS,IDEALPRO-001,IDEALPRO-1-125566,STOP_MARKET,BUY,100000.00,GTC,True,False,100000.00,TAKER,1.1301149999997502,4.9999997502325755e-06,['2.26 USD'],NO_TRIGGER,FILLED,OUO,OL-20250506-010000-001-MA_CROSS-36,['O-20250506-010000-001-MA_CROSS-111'],O-20250506-010000-001-MA_CROSS-109,,,,['MA_CROSS_SL'],64dfbc39-d142-4b0c-8ee0-02cfdf46406f,1746493200000000000,1746497220000000000,1.13011,DEFAULT,,,,,
BACKTESTER-001,MovingAverageCrossover-MA_CROSS,EUR/USD.IDEALPRO,IDEALPRO-1-111,EUR/USD.IDEALPRO-MovingAverageCrossover-MA_CROSS,IDEALPRO-001,,LIMIT,BUY,99999.99,GTC,True,False,0.00,NO_LIQUIDITY_SIDE,,,,NO_TRIGGER,CANCELED,OUO,OL-20250506-010000-001-MA_CROSS-36,['O-20250506-010000-001-MA_CROSS-110'],O-20250506-010000-001-MA_CROSS-109,,,,['MA_CROSS_TP'],38568801-e1c5-49a4-8186-2701e12c5843,1746493200000000000,1746497220000000000,,,,,1.12111,True,
BACKTESTER-001,MovingAverageCrossover-MA_CROSS,EUR/USD.IDEALPRO,IDEALPRO-1-112,EUR/USD.IDEALPRO-MovingAverageCrossover-MA_CROSS,IDEALPRO-001,IDEALPRO-1-126116,MARKET,BUY,100000.00,GTC,False,False,100000.00,TAKER,1.13267499999975,0.0,['2.27 USD'],NO_TRIGGER,FILLED,OTO,OL-20250506-111500-001-MA_CROSS-37,"['O-20250506-111500-001-MA_CROSS-113', 'O-20250506-111500-001-MA_CROSS-114']",,,,,['MA_CROSS'],de585843-4a45-45a8-be59-9f9143f2c531,1746530100000000000,1746530100000000000,,,,,,,
BACKTESTER-001,MovingAverageCrossover-MA_CROSS,EUR/USD.IDEALPRO,IDEALPRO-1-113,EUR/USD.IDEALPRO-MovingAverageCrossover-MA_CROSS,IDEALPRO-001,IDEALPRO-1-128023,STOP_MARKET,SELL,100000.00,GTC,True,False,100000.00,TAKER,1.1311650000002502,4.999999749788486e-06,['2.26 USD'],NO_TRIGGER,FILLED,OUO,OL-20250506-111500-001-MA_CROSS-37,['O-20250506-111500-001-MA_CROSS-114'],O-20250506-111500-001-MA_CROSS-112,,,,['MA_CROSS_SL'],62fd5856-8f30-47a1-af13-4a9cbb7a9207,1746530100000000000,1746645300000000000,1.13117,DEFAULT,,,,,
BACKTESTER-001,MovingAverageCrossover-MA_CROSS,EUR/USD.IDEALPRO,IDEALPRO-1-114,EUR/USD.IDEALPRO-MovingAverageCrossover-MA_CROSS,IDEALPRO-001,,LIMIT,SELL,99999.99,GTC,True,False,0.00,NO_LIQUIDITY_SIDE,,,,NO_TRIGGER,CANCELED,OUO,OL-20250506-111500-001-MA_CROSS-37,['O-20250506-111500-001-MA_CROSS-113'],O-20250506-111500-001-MA_CROSS-112,,,,['MA_CROSS_TP'],a69ae5ba-7e42-4e72-8695-e0ac2c5dc1d8,1746530100000000000,1746645300000000000,,,,,1.14017,True,
BACKTESTER-001,MovingAverageCrossover-MA_CROSS,EUR/USD.IDEALPRO,IDEALPRO-1-115,EUR/USD.IDEALPRO-MovingAverageCrossover-MA_CROSS,IDEALPRO-001,IDEALPRO-1-128235,MARKET,SELL,100000.00,GTC,False,False,100000.00,TAKER,1.1301250000002503,0.0,['2.26 USD'],NO_TRIGGER,FILLED,OTO,OL-20250507-230000-001-MA_CROSS-38,"['O-20250507-230000-001-MA_CROSS-116', 'O-20250507-230000-001-MA_CROSS-117']",,,,,['MA_CROSS'],d0e017dc-1b4f-4ed8-99b0-1f3ddc367e4a,1746658800000000000,1746658800000000000,,,,,,,
BACKTESTER-001,MovingAverageCrossover-MA_CROSS,EUR/USD.IDEALPRO,IDEALPRO-1-116,EUR/USD.IDEALPRO-MovingAverageCrossover-MA_CROSS,IDEALPRO-001,IDEALPRO-1-128321,STOP_MARKET,BUY,100000.00,GTC,True,False,100000.00,TAKER,1.13163499999975,4.999999750010531e-06,['2.26 USD'],NO_TRIGGER,FILLED,OUO,OL-20250507-230000-001-MA_CROSS-38,['O-20250507-230000-001-MA_CROSS-117'],O-20250507-230000-001-MA_CROSS-115,,,,['MA_CROSS_SL'],b6c543fc-24fa-47e5-911b-c1eb3a36d385,1746658800000000000,1746663840000000000,1.13163,DEFAULT,,,,,
BACKTESTER-001,MovingAverageCrossover-MA_CROSS,EUR/USD.IDEALPRO,IDEALPRO-1-117,EUR/USD.IDEALPRO-MovingAverageCrossover-MA_CROSS,IDEALPRO-001,,LIMIT,BUY,99999.99,GTC,True,False,0.00,NO_LIQUIDITY_SIDE,,,,NO_TRIGGER,CANCELED,OUO,OL-20250507-230000-001-MA_CROSS-38,['O-20250507-230000-001-MA_CROSS-116'],O-20250507-230000-001-MA_CROSS-115,,,,['MA_CROSS_TP'],15d3cc88-2bbc-4f63-acf7-2984b1d811f6,1746658800000000000,1746663840000000000,,,,,1.12263,True,
BACKTESTER-001,MovingAverageCrossover-MA_CROSS,EUR/USD.IDEALPRO,IDEALPRO-1-118,EUR/USD.IDEALPRO-MovingAverageCrossover-MA_CROSS,IDEALPRO-001,IDEALPRO-1-134029,MARKET,BUY,100000.00,GTC,False,False,100000.00,TAKER,1.11936499999975,0.0,['2.24 USD'],NO_TRIGGER,FILLED,OTO,OL-20250514-003000-001-MA_CROSS-39,"['O-20250514-003000-001-MA_CROSS-119', 'O-20250514-003000-001-MA_CROSS-120']",,,,,['MA_CROSS'],47eca78b-0426-4c53-be91-47030d6ad503,1747182600000000000,1747182600000000000,,,,,,,
BACKTESTER-001,MovingAverageCrossover-MA_CROSS,EUR/USD.IDEALPRO,IDEALPRO-1-119,EUR/USD.IDEALPRO-MovingAverageCrossover-MA_CROSS,IDEALPRO-001,IDEALPRO-1-135003,STOP_MARKET,SELL,100000.00,GTC,True,False,100000.00,TAKER,1.1178550000002503,4.999999749788486e-06,['2.24 USD'],NO_TRIGGER,FILLED,OUO,OL-20250514-003000-001-MA_CROSS-39,['O-20250514-003000-001-MA_CROSS-120'],O-20250514-003000-001-MA_CROSS-118,,,,['MA_CROSS_SL'],0d0d9320-2bef-4e1b-8725-1397889dd86e,1747182600000000000,1747240920000000000,1.11786,DEFAULT,,,,,
BACKTESTER-001,MovingAverageCrossover-MA_CROSS,EUR/USD.IDEALPRO,IDEALPRO-1-120,EUR/USD.IDEALPRO-MovingAverageCrossover-MA_CROSS,IDEALPRO-001,,LIMIT,SELL,99999.99,GTC,True,False,0.00,NO_LIQUIDITY_SIDE,,,,NO_TRIGGER,CANCELED,OUO,OL-20250514-003000-001-MA_CROSS-39,['O-20250514-003000-001-MA_CROSS-119'],O-20250514-003000-001-MA_CROSS-118,,,,['MA_CROSS_TP'],e7e9e7db-e1c3-4802-b979-270dbf4e7654,1747182600000000000,1747240920000000000,,,,,1.12686,True,
BACKTESTER-001,MovingAverageCrossover-MA_CROSS,EUR/USD.IDEALPRO,IDEALPRO-1-121,EUR/USD.IDEALPRO-MovingAverageCrossover-MA_CROSS,IDEALPRO-001,IDEALPRO-1-137813,MARKET,SELL,100000.00,GTC,False,False,100000.00,TAKER,1.1140250000002503,0.0,['2.23 USD'],NO_TRIGGER,FILLED,OTO,OL-20250516-160000-001-MA_CROSS-40,"['O-20250516-160000-001-MA_CROSS-122', 'O-20250516-160000-001-MA_CROSS-123']",,,,,['MA_CROSS'],341783fd-007f-4c30-a7c8-e6f6d3189d40,1747411200000000000,1747411200000000000,,,,,,,
BACKTESTER-001,MovingAverageCrossover-MA_CROSS,EUR/USD.IDEALPRO,IDEALPRO-1-122,EUR/USD.IDEALPRO-MovingAverageCrossover-MA_CROSS,IDEALPRO-001,IDEALPRO-1-137981,STOP_MARKET,BUY,100000.00,GTC,True,False,100000.00,TAKER,1.11553499999975,4.999999750010531e-06,['2.23 USD'],NO_TRIGGER,FILLED,OUO,OL-20250516-160000-001-MA_CROSS-40,['O-20250516-160000-001-MA_CROSS-123'],O-20250516-160000-001-MA_CROSS-121,,,,['MA_CROSS_SL'],04c10456-6556-4bae-87db-65780b8ea959,1747411200000000000,1747421160000000000,1.11553,DEFAULT,,,,,
BACKTESTER-001,MovingAverageCrossover-MA_CROSS,EUR/USD.IDEALPRO,IDEALPRO-1-123,EUR/USD.IDEALPRO-MovingAverageCrossover-MA_CROSS,IDEALPRO-001,,LIMIT,BUY,99999.99,GTC,True,False,0.00,NO_LIQUIDITY_SIDE,,,,NO_TRIGGER,CANCELED,OUO,OL-20250516-160000-001-MA_CROSS-40,['O-20250516-160000-001-MA_CROSS-122'],O-20250516-160000-001-MA_CROSS-121,,,,['MA_CROSS_TP'],7ee4e631-172d-4da0-9026-0ee763e431af,1747411200000000000,1747421160000000000,,,,,1.10653,True,
BACKTESTER-001,MovingAverageCrossover-MA_CROSS,EUR/USD.IDEALPRO,IDEALPRO-1-124,EUR/USD.IDEALPRO-MovingAverageCrossover-MA_CROSS,IDEALPRO-001,IDEALPRO-1-138777,MARKET,BUY,100000.00,GTC,False,False,100000.00,TAKER,1.1248349999997502,0.0,['2.25 USD'],NO_TRIGGER,FILLED,OTO,OL-20250519-081500-001-MA_CROSS-41,"['O-20250519-081500-001-MA_CROSS-125', 'O-20250519-081500-001-MA_CROSS-126']",,,,,['MA_CROSS'],89b07f76-de41-45c4-af51-d2bc475d12d3,1747642500000000000,1747642500000000000,,,,,,,
BACKTESTER-001,MovingAverageCrossover-MA_CROSS,EUR/USD.IDEALPRO,IDEALPRO-1-125,EUR/USD.IDEALPRO-MovingAverageCrossover-MA_CROSS,IDEALPRO-001,IDEALPRO-1-139248,STOP_MARKET,SELL,100000.00,GTC,True,False,100000.00,TAKER,1.1233250000002502,4.999999749788486e-06,['2.25 USD'],NO_TRIGGER,FILLED,OUO,OL-20250519-081500-001-MA_CROSS-41,['O-20250519-081500-001-MA_CROSS-126'],O-20250519-081500-001-MA_CROSS-124,,,,['MA_CROSS_SL'],56fd9293-d0be-418f-8f39-d556a36e5fb8,1747642500000000000,1747670640000000000,1.12333,DEFAULT,,,,,
BACKTESTER-001,MovingAverageCrossover-MA_CROSS,EUR/USD.IDEALPRO,IDEALPRO-1-126,EUR/USD.IDEALPRO-MovingAverageCrossover-MA_CROSS,IDEALPRO-001,,LIMIT,SELL,99999.99,GTC,True,False,0.00,NO_LIQUIDITY_SIDE,,,,NO_TRIGGER,CANCELED,OUO,OL-20250519-081500-001-MA_CROSS-41,['O-20250519-081500-001-MA_CROSS-125'],O-20250519-081500-001-MA_CROSS-124,,,,['MA_CROSS_TP'],ea219eef-4df7-4c9f-aaea-a14a2bc0a4fc,1747642500000000000,1747670640000000000,,,,,1.13233,True,
BACKTESTER-001,MovingAverageCrossover-MA_CROSS,EUR/USD.IDEALPRO,IDEALPRO-1-127,EUR/USD.IDEALPRO-MovingAverageCrossover-MA_CROSS,IDEALPRO-001,IDEALPRO-1-143971,MARKET,SELL,100000.00,GTC,False,False,100000.00,TAKER,1.12836500000025,0.0,['2.26 USD'],NO_TRIGGER,FILLED,OTO,OL-20250522-234500-001-MA_CROSS-42,"['O-20250522-234500-001-MA_CROSS-128', 'O-20250522-234500-001-MA_CROSS-129']",,,,,['MA_CROSS'],6b19cac0-4888-4652-9fcd-d83ef85c776e,1747957500000000000,1747957500000000000,,,,,,,
BACKTESTER-001,MovingAverageCrossover-MA_CROSS,EUR/USD.IDEALPRO,IDEALPRO-1-128,EUR/USD.IDEALPRO-MovingAverageCrossover-MA_CROSS,IDEALPRO-001,IDEALPRO-1-144042,STOP_MARKET,BUY,100000.00,GTC,True,False,100000.00,TAKER,1.12987499999975,4.999999750010531e-06,['2.26 USD'],NO_TRIGGER,FILLED,OUO,OL-20250522-234500-001-MA_CROSS-42,['O-20250522-234500-001-MA_CROSS-129'],O-20250522-234500-001-MA_CROSS-127,,,,['MA_CROSS_SL'],fad1647e-3891-4b0d-abb5-93dbae9eb708,1747957500000000000,1747961640000000000,1.12987,DEFAULT,,,,,
BACKTESTER-001,MovingAverageCrossover-MA_CROSS,EUR/USD.IDEALPRO,IDEALPRO-1-129,EUR/USD.IDEALPRO-MovingAverageCrossover-MA_CROSS,IDEALPRO-001,,LIMIT,BUY,99999.99,GTC,True,False,0.00,NO_LIQUIDITY_SIDE,,,,NO_TRIGGER,CANCELED,OUO,OL-20250522-234500-001-MA_CROSS-42,['O-20250522-234500-001-MA_CROSS-128'],O-20250522-234500-001-MA_CROSS-127,,,,['MA_CROSS_TP'],72d985ee-33de-4877-a05c-8928d003d40c,1747957500000000000,1747961640000000000,,,,,1.12087,True,
BACKTESTER-001,MovingAverageCrossover-MA_CROSS,EUR/USD.IDEALPRO,IDEALPRO-1-130,EUR/USD.IDEALPRO-MovingAverageCrossover-MA_CROSS,IDEALPRO-001,IDEALPRO-1-144485,MARKET,BUY,100000.00,GTC,False,False,100000.00,TAKER,1.1344149999997502,0.0,['2.27 USD'],NO_TRIGGER,FILLED,OTO,OL-20250523-081500-001-MA_CROSS-43,"['O-20250523-081500-001-MA_CROSS-131', 'O-20250523-081500-001-MA_CROSS-132']",,,,,['MA_CROSS'],d51bfd56-d695-4b2c-8a31-411d6ad7eb7e,1747988100000000000,1747988100000000000,,,,,,,
BACKTESTER-001,MovingAverageCrossover-MA_CROSS,EUR/USD.IDEALPRO,IDEALPRO-1-131,EUR/USD.IDEALPRO-MovingAverageCrossover-MA_CROSS,IDEALPRO-001,IDEALPRO-1-144698,STOP_MARKET,SELL,100000.00,GTC,True,False,100000.00,TAKER,1.1329050000002503,4.999999749788486e-06,['2.27 USD'],NO_TRIGGER,FILLED,OUO,OL-20250523-081500-001-MA_CROSS-43,['O-20250523-081500-001-MA_CROSS-132'],O-20250523-081500-001-MA_CROSS-130,,,,['MA_CROSS_SL'],b9c1b9d9-27d8-4789-b2e3-2e399db7264c,1747988100000000000,1748000760000000000,1.13291,DEFAULT,,,,,
BACKTESTER-001,MovingAverageCrossover-MA_CROSS,EUR/USD.IDEALPRO,IDEALPRO-1-132,EUR/USD.IDEALPRO-MovingAverageCrossover-MA_CROSS,IDEALPRO-001,,LIMIT,SELL,99999.99,GTC,True,False,0.00,NO_LIQUIDITY_SIDE,,,,NO_TRIGGER,CANCELED,OUO,OL-20250523-081500-001-MA_CROSS-43,['O-20250523-081500-001-MA_CROSS-131'],O-20250523-081500-001-MA_CROSS-130,,,,['MA_CROSS_TP'],99c1adc2-29f0-46ec-864f-f0630d6a1775,1747988100000000000,1748000760000000000,,,,,1.14191,True,
BACKTESTER-001,MovingAverageCrossover-MA_CROSS,EUR/USD.IDEALPRO,IDEALPRO-1-133,EUR/USD.IDEALPRO-MovingAverageCrossover-MA_CROSS,IDEALPRO-001,IDEALPRO-1-147744,MARKET,SELL,100000.00,GTC,False,False,100000.00,TAKER,1.1341050000002502,0.0,['2.27 USD'],NO_TRIGGER,FILLED,OTO,OL-20250527-150000-001-MA_CROSS-44,"['O-20250527-150000-001-MA_CROSS-134', 'O-20250527-150000-001-MA_CROSS-135']",,,,,['MA_CROSS'],7e987cfc-1eae-43c3-83f1-3c2f4f12b552,1748358000000000000,1748358000000000000,,,,,,,
BACKTESTER-001,MovingAverageCrossover-MA_CROSS,EUR/USD.IDEALPRO,IDEALPRO-1-134,EUR/USD.IDEALPRO-MovingAverageCrossover-MA_CROSS,IDEALPRO-001,,STOP_MARKET,BUY,99999.99,GTC,True,False,0.00,NO_LIQUIDITY_SIDE,,,,NO_TRIGGER,CANCELED,OUO,OL-20250527-150000-001-MA_CROSS-44,['O-20250527-150000-001-MA_CROSS-135'],O-20250527-150000-001-MA_CROSS-133,,,,['MA_CROSS_SL'],1d8026ff-9cc3-483c-a18c-07787d66fc13,1748358000000000000,1748475180000000000,1.13561,DEFAULT,,,,,
BACKTESTER-001,MovingAverageCrossover-MA_CROSS,EUR/USD.IDEALPRO,IDEALPRO-1-135,EUR/USD.IDEALPRO-MovingAverageCrossover-MA_CROSS,IDEALPRO-001,IDEALPRO-1-149669,LIMIT,BUY,100000.00,GTC,True,False,100000.00,MAKER,1.12661,0.0,['2.25 USD'],NO_TRIGGER,FILLED,OUO,OL-20250527-150000-001-MA_CROSS-44,['O-20250527-150000-001-MA_CROSS-134'],O-20250527-150000-001-MA_CROSS-133,,,,['MA_CROSS_TP'],fcc2a0e5-d318-4e61-bb93-6234d0c38e7f,1748358000000000000,1748475180000000000,,,,,1.12661,True,
BACKTESTER-001,MovingAverageCrossover-MA_CROSS,EUR/USD.IDEALPRO,IDEALPRO-1-136,EUR/USD.IDEALPRO-MovingAverageCrossover-MA_CROSS,IDEALPRO-001,IDEALPRO-1-150793,MARKET,BUY,100000.00,GTC,False,False,100000.00,TAKER,1.1382749999997501,0.0,['2.28 USD'],NO_TRIGGER,FILLED,OTO,OL-20250529-181500-001-MA_CROSS-45,"['O-20250529-181500-001-MA_CROSS-137', 'O-20250529-181500-001-MA_CROSS-138']",,,,,['MA_CROSS'],792b0f03-273b-4797-9256-ff891fbdf67d,1748542500000000000,1748542500000000000,,,,,,,
BACKTESTER-001,MovingAverageCrossover-MA_CROSS,EUR/USD.IDEALPRO,IDEALPRO-1-137,EUR/USD.IDEALPRO-MovingAverageCrossover-MA_CROSS,IDEALPRO-001,IDEALPRO-1-150883,STOP_MARKET,SELL,100000.00,GTC,True,False,100000.00,TAKER,1.13676500000025,4.999999750010531e-06,['2.27 USD'],NO_TRIGGER,FILLED,OUO,OL-20250529-181500-001-MA_CROSS-45,['O-20250529-181500-001-MA_CROSS-138'],O-20250529-181500-001-MA_CROSS-136,,,,['MA_CROSS_SL'],1d4bb524-3ad3-4f5c-a52f-5c8f236b6881,1748542500000000000,1748547780000000000,1.13677,DEFAULT,,,,,
BACKTESTER-001,MovingAverageCrossover-MA_CROSS,EUR/USD.IDEALPRO,IDEALPRO-1-138,EUR/USD.IDEALPRO-MovingAverageCrossover-MA_CROSS,IDEALPRO-001,,LIMIT,SELL,99999.99,GTC,True,False,0.00,NO_LIQUIDITY_SIDE,,,,NO_TRIGGER,CANCELED,OUO,OL-20250529-181500-001-MA_CROSS-45,['O-20250529-181500-001-MA_CROSS-137'],O-20250529-181500-001-MA_CROSS-136,,,,['MA_CROSS_TP'],abae8ff0-d219-467d-9c90-e206b244a445,1748542500000000000,1748547780000000000,,,,,1.14577,True,
BACKTESTER-001,MovingAverageCrossover-MA_CROSS,EUR/USD.IDEALPRO,IDEALPRO-1-139,EUR/USD.IDEALPRO-MovingAverageCrossover-MA_CROSS,IDEALPRO-001,IDEALPRO-1-155147,MARKET,SELL,100000.00,GTC,False,False,100000.00,TAKER,1.13722500000025,0.0,['2.27 USD'],NO_TRIGGER,FILLED,OTO,OL-20250603-193000-001-MA_CROSS-46,"['O-20250603-193000-001-MA_CROSS-140', 'O-20250603-193000-001-MA_CROSS-141']",,,,,['MA_CROSS'],25c90909-5988-488c-9908-baa56c5f111e,1748979000000000000,1748979000000000000,,,,,,,
BACKTESTER-001,MovingAverageCrossover-MA_CROSS,EUR/USD.IDEALPRO,IDEALPRO-1-140,EUR/USD.IDEALPRO-MovingAverageCrossover-MA_CROSS,IDEALPRO-001,IDEALPRO-1-155406,STOP_MARKET,BUY,100000.00,GTC,True,False,100000.00,TAKER,1.1387349999997503,4.9999997502325755e-06,['2.28 USD'],NO_TRIGGER,FILLED,OUO,OL-20250603-193000-001-MA_CROSS-46,['O-20250603-193000-001-MA_CROSS-141'],O-20250603-193000-001-MA_CROSS-139,,,,['MA_CROSS_SL'],bb27d752-5b20-47d6-bc99-6fbd2ba3e655,1748979000000000000,1748995320000000000,1.13873,DEFAULT,,,,,
BACKTESTER-001,MovingAverageCrossover-MA_CROSS,EUR/USD.IDEALPRO,IDEALPRO-1-141,EUR/USD.IDEALPRO-MovingAverageCrossover-MA_CROSS,IDEALPRO-001,,LIMIT,BUY,99999.99,GTC,True,False,0.00,NO_LIQUIDITY_SIDE,,,,NO_TRIGGER,CANCELED,OUO,OL-20250603-193000-001-MA_CROSS-46,['O-20250603-193000-001-MA_CROSS-140'],O-20250603-193000-001-MA_CROSS-139,,,,['MA_CROSS_TP'],7a1a7a61-59c6-48bf-8be1-1a6fb631245c,1748979000000000000,1748995320000000000,,,,,1.12973,True,
BACKTESTER-001,MovingAverageCrossover-MA_CROSS,EUR/USD.IDEALPRO,IDEALPRO-1-142,EUR/USD.IDEALPRO-MovingAverageCrossover-MA_CROSS,IDEALPRO-001,IDEALPRO-1-156441,MARKET,BUY,100000.00,GTC,False,False,100000.00,TAKER,1.1429849999997501,0.0,['2.29 USD'],NO_TRIGGER,FILLED,OTO,OL-20250604-171500-001-MA_CROSS-47,"['O-20250604-171500-001-MA_CROSS-143', 'O-20250604-171500-001-MA_CROSS-144']",,,,,['MA_CROSS'],55371927-adb0-40d6-82b3-a39ecd3abbff,1749057300000000000,1749057300000000000,,,,,,,
BACKTESTER-001,MovingAverageCrossover-MA_CROSS,EUR/USD.IDEALPRO,IDEALPRO-1-143,EUR/USD.IDEALPRO-MovingAverageCrossover-MA_CROSS,IDEALPRO-001,IDEALPRO-1-156575,STOP_MARKET,SELL,100000.00,GTC,True,False,100000.00,TAKER,1.14147500000025,4.999999750010531e-06,['2.28 USD'],NO_TRIGGER,FILLED,OUO,OL-20250604-171500-001-MA_CROSS-47,['O-20250604-171500-001-MA_CROSS-144'],O-20250604-171500-001-MA_CROSS-142,,,,['MA_CROSS_SL'],aa304204-3183-4a62-9bf0-13054a2fda49,1749057300000000000,1749065220000000000,1.14148,DEFAULT,,,,,
BACKTESTER-001,MovingAverageCrossover-MA_CROSS,EUR/USD.IDEALPRO,IDEALPRO-1-144,EUR/USD.IDEALPRO-MovingAverageCrossover-MA_CROSS,IDEALPRO-001,,LIMIT,SELL,99999.99,GTC,True,False,0.00,NO_LIQUIDITY_SIDE,,,,NO_TRIGGER,CANCELED,OUO,OL-20250604-171500-001-MA_CROSS-47,['O-20250604-171500-001-MA_CROSS-143'],O-20250604-171500-001-MA_CROSS-142,,,,['MA_CROSS_TP'],efda8d1e-6eb2-498f-8967-a3ff20ae3dd1,1749057300000000000,1749065220000000000,,,,,1.15048,True,
BACKTESTER-001,MovingAverageCrossover-MA_CROSS,EUR/USD.IDEALPRO,IDEALPRO-1-145,EUR/USD.IDEALPRO-MovingAverageCrossover-MA_CROSS,IDEALPRO-001,IDEALPRO-1-159280,MARKET,SELL,100000.00,GTC,False,False,100000.00,TAKER,1.1387150000002502,0.0,['2.28 USD'],NO_TRIGGER,FILLED,OTO,OL-20250606-170000-001-MA_CROSS-48,"['O-20250606-170000-001-MA_CROSS-146', 'O-20250606-170000-001-MA_CROSS-147']",,,,,['MA_CROSS'],37b05124-90e9-46a5-b366-7faa883974d7,1749229200000000000,1749229200000000000,,,,,,,
BACKTESTER-001,MovingAverageCrossover-MA_CROSS,EUR/USD.IDEALPRO,IDEALPRO-1-146,EUR/USD.IDEALPRO-MovingAverageCrossover-MA_CROSS,IDEALPRO-001,IDEALPRO-1-159577,STOP_MARKET,BUY,100000.00,GTC,True,False,100000.00,TAKER,1.1402249999997502,4.9999997502325755e-06,['2.28 USD'],NO_TRIGGER,FILLED,OUO,OL-20250606-170000-001-MA_CROSS-48,['O-20250606-170000-001-MA_CROSS-147'],O-20250606-170000-001-MA_CROSS-145,,,,['MA_CROSS_SL'],5965f761-314e-47ed-87cd-6a21a1302e5b,1749229200000000000,1749420600000000000,1.14022,DEFAULT,,,,,
BACKTESTER-001,MovingAverageCrossover-MA_CROSS,EUR/USD.IDEALPRO,IDEALPRO-1-147,EUR/USD.IDEALPRO-MovingAverageCrossover-MA_CROSS,IDEALPRO-001,,LIMIT,BUY,99999.99,GTC,True,False,0.00,NO_LIQUIDITY_SIDE,,,,NO_TRIGGER,CANCELED,OUO,OL-20250606-170000-001-MA_CROSS-48,['O-20250606-170000-001-MA_CROSS-146'],O-20250606-170000-001-MA_CROSS-145,,,,['MA_CROSS_TP'],c64f385a-8b69-495c-8fe4-77eefedd9d10,1749229200000000000,1749420600000000000,,,,,1.13122,True,
BACKTESTER-001,MovingAverageCrossover-MA_CROSS,EUR/USD.IDEALPRO,IDEALPRO-1-148,EUR/USD.IDEALPRO-MovingAverageCrossover-MA_CROSS,IDEALPRO-001,IDEALPRO-1-162194,MARKET,BUY,100000.00,GTC,False,False,100000.00,TAKER,1.14230499999975,0.0,['2.28 USD'],NO_TRIGGER,FILLED,OTO,OL-20250610-180000-001-MA_CROSS-49,"['O-20250610-180000-001-MA_CROSS-149', 'O-20250610-180000-001-MA_CROSS-150']",,,,,['MA_CROSS'],7ea44b30-e31f-438b-a831-26ef36faf901,1749578400000000000,1749578400000000000,,,,,,,
BACKTESTER-001,MovingAverageCrossover-MA_CROSS,EUR/USD.IDEALPRO,IDEALPRO-1-149,EUR/USD.IDEALPRO-MovingAverageCrossover-MA_CROSS,IDEALPRO-001,IDEALPRO-1-162658,STOP_MARKET,SELL,100000.00,GTC,True,False,100000.00,TAKER,1.14079500000025,4.999999750010531e-06,['2.28 USD'],NO_TRIGGER,FILLED,OUO,OL-20250610-180000-001-MA_CROSS-49,['O-20250610-180000-001-MA_CROSS-150'],O-20250610-180000-001-MA_CROSS-148,,,,['MA_CROSS_SL'],f2d1dede-5ef3-43c6-8287-929105bc46bb,1749578400000000000,1749607020000000000,1.14080,DEFAULT,,,,,
BACKTESTER-001,MovingAverageCrossover-MA_CROSS,EUR/USD.IDEALPRO,IDEALPRO-1-150,EUR/USD.IDEALPRO-MovingAverageCrossover-MA_CROSS,IDEALPRO-001,,LIMIT,SELL,99999.99,GTC,True,False,0.00,NO_LIQUIDITY_SIDE,,,,NO_TRIGGER,CANCELED,OUO,OL-20250610-180000-001-MA_CROSS-49,['O-20250610-180000-001-MA_CROSS-149'],O-20250610-180000-001-MA_CROSS-148,,,,['MA_CROSS_TP'],fa9747e1-d50c-4d39-943b-68e8bf02cc65,1749578400000000000,1749607020000000000,,,,,1.14980,True,
BACKTESTER-001,MovingAverageCrossover-MA_CROSS,EUR/USD.IDEALPRO,IDEALPRO-1-151,EUR/USD.IDEALPRO-MovingAverageCrossover-MA_CROSS,IDEALPRO-001,IDEALPRO-1-168603,MARKET,SELL,100000.00,GTC,False,False,100000.00,TAKER,1.1557950000002502,0.0,['2.31 USD'],NO_TRIGGER,FILLED,OTO,OL-20250617-060000-001-MA_CROSS-50,"['O-20250617-060000-001-MA_CROSS-152', 'O-20250617-060000-001-MA_CROSS-153']",,,,,['MA_CROSS'],95fe3033-8945-460e-9c53-c69c6b72892a,1750140000000000000,1750140000000000000,,,,,,,
BACKTESTER-001,MovingAverageCrossover-MA_CROSS,EUR/USD.IDEALPRO,IDEALPRO-1-152,EUR/USD.IDEALPRO-MovingAverageCrossover-MA_CROSS,IDEALPRO-001,,STOP_MARKET,BUY,99999.99,GTC,True,False,0.00,NO_LIQUIDITY_SIDE,,,,NO_TRIGGER,CANCELED,OUO,OL-20250617-060000-001-MA_CROSS-50,['O-20250617-060000-001-MA_CROSS-153'],O-20250617-060000-001-MA_CROSS-151,,,,['MA_CROSS_SL'],daeffa53-87bd-4319-805b-e29fe34da2d4,1750140000000000000,1750152600000000000,1.15730,DEFAULT,,,,,
BACKTESTER-001,MovingAverageCrossover-MA_CROSS,EUR/USD.IDEALPRO,IDEALPRO-1-153,EUR/USD.IDEALPRO-MovingAverageCrossover-MA_CROSS,IDEALPRO-001,,LIMIT,BUY,99999.99,GTC,True,False,0.00,NO_LIQUIDITY_SIDE,,,,NO_TRIGGER,CANCELED,OUO,OL-20250617-060000-001-MA_CROSS-50,['O-20250617-060000-001-MA_CROSS-152'],O-20250617-060000-001-MA_CROSS-151,,,,['MA_CROSS_TP'],c27a6aae-7683-44d0-944e-a312dc655fff,1750140000000000000,1750152600000000000,,,,,1.14830,True,
BACKTESTER-001,MovingAverageCrossover-MA_CROSS,EUR/USD.IDEALPRO,IDEALPRO-1-154,EUR/USD.IDEALPRO-MovingAverageCrossover-MA_CROSS,IDEALPRO-001,IDEALPRO-1-168815,MARKET,BUY,100000.00,GTC,True,False,100000.00,TAKER,1.15565499999975,0.0,['2.31 USD'],NO_TRIGGER,FILLED,NO_CONTINGENCY,,,,,,,,8aed6420-b515-45b9-9697-95ee0185be5f,1750152600000000000,1750152600000000000,,,,,,,
BACKTESTER-001,MovingAverageCrossover-MA_CROSS,EUR/USD.IDEALPRO,IDEALPRO-1-155,EUR/USD.IDEALPRO-MovingAverageCrossover-MA_CROSS,IDEALPRO-001,IDEALPRO-1-169252,MARKET,SELL,100000.00,GTC,False,False,100000.00,TAKER,1.15205500000025,0.0,['2.30 USD'],NO_TRIGGER,FILLED,OTO,OL-20250617-164500-001-MA_CROSS-51,"['O-20250617-164500-001-MA_CROSS-156', 'O-20250617-164500-001-MA_CROSS-157']",,,,,['MA_CROSS'],f5325f74-0341-4b82-8a83-5b34f6330601,1750178700000000000,1750178700000000000,,,,,,,
BACKTESTER-001,MovingAverageCrossover-MA_CROSS,EUR/USD.IDEALPRO,IDEALPRO-1-156,EUR/USD.IDEALPRO-MovingAverageCrossover-MA_CROSS,IDEALPRO-001,,STOP_MARKET,BUY,99999.99,GTC,True,False,0.00,NO_LIQUIDITY_SIDE,,,,NO_TRIGGER,CANCELED,OUO,OL-20250617-164500-001-MA_CROSS-51,['O-20250617-164500-001-MA_CROSS-157'],O-20250617-164500-001-MA_CROSS-155,,,,['MA_CROSS_SL'],41a5f594-839e-4dd5-96c7-e2ba15c779d6,1750178700000000000,1750389300000000000,1.15356,DEFAULT,,,,,
BACKTESTER-001,MovingAverageCrossover-MA_CROSS,EUR/USD.IDEALPRO,IDEALPRO-1-157,EUR/USD.IDEALPRO-MovingAverageCrossover-MA_CROSS,IDEALPRO-001,,LIMIT,BUY,99999.99,GTC,True,False,0.00,NO_LIQUIDITY_SIDE,,,,NO_TRIGGER,CANCELED,OUO,OL-20250617-164500-001-MA_CROSS-51,['O-20250617-164500-001-MA_CROSS-156'],O-20250617-164500-001-MA_CROSS-155,,,,['MA_CROSS_TP'],43ab5575-d32b-45f4-a518-b4b468c6db53,1750178700000000000,1750389300000000000,,,,,1.14456,True,
BACKTESTER-001,MovingAverageCrossover-MA_CROSS,EUR/USD.IDEALPRO,IDEALPRO-1-158,EUR/USD.IDEALPRO-MovingAverageCrossover-MA_CROSS,IDEALPRO-001,IDEALPRO-1-172719,MARKET,BUY,100000.00,GTC,True,False,100000.00,TAKER,1.1523049999997503,0.0,['2.30 USD'],NO_TRIGGER,FILLED,NO_CONTINGENCY,,,,,,,,62875898-f2ea-4526-b687-58e49ef656d9,1750389300000000000,1750389300000000000,,,,,,,
BACKTESTER-001,MovingAverageCrossover-MA_CROSS,EUR/USD.IDEALPRO,IDEALPRO-1-159,EUR/USD.IDEALPRO-MovingAverageCrossover-MA_CROSS,IDEALPRO-001,IDEALPRO-1-174356,MARKET,SELL,100000.00,GTC,False,False,100000.00,TAKER,1.15070500000025,0.0,['2.30 USD'],NO_TRIGGER,FILLED,OTO,OL-20250623-064500-001-MA_CROSS-52,"['O-20250623-064500-001-MA_CROSS-160', 'O-20250623-064500-001-MA_CROSS-161']",,,,,['MA_CROSS'],0e244d7a-b580-44cc-81e8-274dc6edc33f,1750661100000000000,1750661100000000000,,,,,,,
BACKTESTER-001,MovingAverageCrossover-MA_CROSS,EUR/USD.IDEALPRO,IDEALPRO-1-160,EUR/USD.IDEALPRO-MovingAverageCrossover-MA_CROSS,IDEALPRO-001,IDEALPRO-1-174806,STOP_MARKET,BUY,100000.00,GTC,True,False,100000.00,TAKER,1.1522149999997502,4.9999997502325755e-06,['2.30 USD'],NO_TRIGGER,FILLED,OUO,OL-20250623-064500-001-MA_CROSS-52,['O-20250623-064500-001-MA_CROSS-161'],O-20250623-064500-001-MA_CROSS-159,,,,['MA_CROSS_SL'],7543d749-8225-4f1f-8a7c-e05806b2a682,1750661100000000000,1750687980000000000,1.15221,DEFAULT,,,,,
BACKTESTER-001,MovingAverageCrossover-MA_CROSS,EUR/USD.IDEALPRO,IDEALPRO-1-161,EUR/USD.IDEALPRO-MovingAverageCrossover-MA_CROSS,IDEALPRO-001,,LIMIT,BUY,99999.99,GTC,True,False,0.00,NO_LIQUIDITY_SIDE,,,,NO_TRIGGER,CANCELED,OUO,OL-20250623-064500-001-MA_CROSS-52,['O-20250623-064500-001-MA_CROSS-160'],O-20250623-064500-001-MA_CROSS-159,,,,['MA_CROSS_TP'],25fde75b-96ba-450b-bdc7-a6a43ce62503,1750661100000000000,1750687980000000000,,,,,1.14321,True,
BACKTESTER-001,MovingAverageCrossover-MA_CROSS,EUR/USD.IDEALPRO,IDEALPRO-1-162,EUR/USD.IDEALPRO-MovingAverageCrossover-MA_CROSS,IDEALPRO-001,IDEALPRO-1-175005,MARKET,BUY,100000.00,GTC,False,False,100000.00,TAKER,1.15584499999975,0.0,['2.31 USD'],NO_TRIGGER,FILLED,OTO,OL-20250623-173000-001-MA_CROSS-53,"['O-20250623-173000-001-MA_CROSS-163', 'O-20250623-173000-001-MA_CROSS-164']",,,,,['MA_CROSS'],38d254d1-0295-4f59-b282-67b7b51cbd6c,1750699800000000000,1750699800000000000,,,,,,,
BACKTESTER-001,MovingAverageCrossover-MA_CROSS,EUR/USD.IDEALPRO,IDEALPRO-1-163,EUR/USD.IDEALPRO-MovingAverageCrossover-MA_CROSS,IDEALPRO-001,,STOP_MARKET,SELL,99999.99,GTC,True,False,0.00,NO_LIQUIDITY_SIDE,,,,NO_TRIGGER,CANCELED,OUO,OL-20250623-173000-001-MA_CROSS-53,['O-20250623-173000-001-MA_CROSS-164'],O-20250623-173000-001-MA_CROSS-162,,,,['MA_CROSS_SL'],8e4a0aab-9d51-46fc-b346-ed9b483e42ee,1750699800000000000,1750775160000000000,1.15434,DEFAULT,,,,,
BACKTESTER-001,MovingAverageCrossover-MA_CROSS,EUR/USD.IDEALPRO,IDEALPRO-1-164,EUR/USD.IDEALPRO-MovingAverageCrossover-MA_CROSS,IDEALPRO-001,IDEALPRO-1-176248,LIMIT,SELL,100000.00,GTC,True,False,100000.00,MAKER,1.16334,0.0,['2.33 USD'],NO_TRIGGER,FILLED,OUO,OL-20250623-173000-001-MA_CROSS-53,['O-20250623-173000-001-MA_CROSS-163'],O-20250623-173000-001-MA_CROSS-162,,,,['MA_CROSS_TP'],a6efcb1f-0e2f-4716-87d8-3feca8ac5a76,1750699800000000000,1750775160000000000,,,,,1.16334,True,
BACKTESTER-001,MovingAverageCrossover-MA_CROSS,EUR/USD.IDEALPRO,IDEALPRO-1-165,EUR/USD.IDEALPRO-MovingAverageCrossover-MA_CROSS,IDEALPRO-001,IDEALPRO-1-186244,MARKET,SELL,100000.00,GTC,False,False,100000.00,TAKER,1.17579500000025,0.0,['2.35 USD'],NO_TRIGGER,FILLED,OTO,OL-20250703-144500-001-MA_CROSS-54,"['O-20250703-144500-001-MA_CROSS-166', 'O-20250703-144500-001-MA_CROSS-167']",,,,,['MA_CROSS'],57127234-44e3-46da-9494-3f7451fcff41,1751553900000000000,1751553900000000000,,,,,,,
BACKTESTER-001,MovingAverageCrossover-MA_CROSS,EUR/USD.IDEALPRO,IDEALPRO-1-166,EUR/USD.IDEALPRO-MovingAverageCrossover-MA_CROSS,IDEALPRO-001,IDEALPRO-1-187033,STOP_MARKET,BUY,100000.00,GTC,True,False,100000.00,TAKER,1.17730499999975,4.999999750010531e-06,['2.35 USD'],NO_TRIGGER,FILLED,OUO,OL-20250703-144500-001-MA_CROSS-54,['O-20250703-144500-001-MA_CROSS-167'],O-20250703-144500-001-MA_CROSS-165,,,,['MA_CROSS_SL'],c6d3a09d-1c78-4770-b904-cd9140b4a803,1751553900000000000,1751602020000000000,1.17730,DEFAULT,,,,,
BACKTESTER-001,MovingAverageCrossover-MA_CROSS,EUR/USD.IDEALPRO,IDEALPRO-1-167,EUR/USD.IDEALPRO-MovingAverageCrossover-MA_CROSS,IDEALPRO-001,,LIMIT,BUY,99999.99,GTC,True,False,0.00,NO_LIQUIDITY_SIDE,,,,NO_TRIGGER,CANCELED,OUO,OL-20250703-144500-001-MA_CROSS-54,['O-20250703-144500-001-MA_CROSS-166'],O-20250703-144500-001-MA_CROSS-165,,,,['MA_CROSS_TP'],f66d47f0-6780-405e-b03f-6e41ded9b17c,1751553900000000000,1751602020000000000,,,,,1.16830,True,
BACKTESTER-001,MovingAverageCrossover-MA_CROSS,EUR/USD.IDEALPRO,IDEALPRO-1-168,EUR/USD.IDEALPRO-MovingAverageCrossover-MA_CROSS,IDEALPRO-001,IDEALPRO-1-192803,MARKET,BUY,100000.00,GTC,False,False,100000.00,TAKER,1.17370499999975,0.0,['2.35 USD'],NO_TRIGGER,FILLED,OTO,OL-20250710-051500-001-MA_CROSS-55,"['O-20250710-051500-001-MA_CROSS-169', 'O-20250710-051500-001-MA_CROSS-170']",,,,,['MA_CROSS'],851fe261-011e-4838-9c73-216429e2e3e7,1752124500000000000,1752124500000000000,,,,,,,
BACKTESTER-001,MovingAverageCrossover-MA_CROSS,EUR/USD.IDEALPRO,IDEALPRO-1-169,EUR/USD.IDEALPRO-MovingAverageCrossover-MA_CROSS,IDEALPRO-001,IDEALPRO-1-193162,STOP_MARKET,SELL,100000.00,GTC,True,False,100000.00,TAKER,1.1721950000002501,4.999999749788486e-06,['2.34 USD'],NO_TRIGGER,FILLED,OUO,OL-20250710-051500-001-MA_CROSS-55,['O-20250710-051500-001-MA_CROSS-170'],O-20250710-051500-001-MA_CROSS-168,,,,['MA_CROSS_SL'],27069b20-c819-457c-8f68-035bd1ec6eb1,1752124500000000000,1752145920000000000,1.17220,DEFAULT,,,,,
BACKTESTER-001,MovingAverageCrossover-MA_CROSS,EUR/USD.IDEALPRO,IDEALPRO-1-170,EUR/USD.IDEALPRO-MovingAverageCrossover-MA_CROSS,IDEALPRO-001,,LIMIT,SELL,99999.99,GTC,True,False,0.00,NO_LIQUIDITY_SIDE,,,,NO_TRIGGER,CANCELED,OUO,OL-20250710-051500-001-MA_CROSS-55,['O-20250710-051500-001-MA_CROSS-169'],O-20250710-051500-001-MA_CROSS-168,,,,['MA_CROSS_TP'],5bffa29f-6b07-4f39-a2e2-4ab5725884b6,1752124500000000000,1752145920000000000,,,,,1.18120,True,
BACKTESTER-001,MovingAverageCrossover-MA_CROSS,EUR/USD.IDEALPRO,IDEALPRO-1-171,EUR/USD.IDEALPRO-MovingAverageCrossover-MA_CROSS,IDEALPRO-001,IDEALPRO-1-193497,MARKET,SELL,100000.00,GTC,False,False,100000.00,TAKER,1.1683950000002503,0.0,['2.34 USD'],NO_TRIGGER,FILLED,OTO,OL-20250710-164500-001-MA_CROSS-56,"['O-20250710-164500-001-MA_CROSS-172', 'O-20250710-164500-001-MA_CROSS-173']",,,,,['MA_CROSS'],5e8928da-2a95-4187-867d-15eeb5604fa8,1752165900000000000,1752165900000000000,,,,,,,
BACKTESTER-001,MovingAverageCrossover-MA_CROSS,EUR/USD.IDEALPRO,IDEALPRO-1-172,EUR/USD.IDEALPRO-MovingAverageCrossover-MA_CROSS,IDEALPRO-001,IDEALPRO-1-193685,STOP_MARKET,BUY,100000.00,GTC,True,False,100000.00,TAKER,1.1699049999997502,4.9999997502325755e-06,['2.34 USD'],NO_TRIGGER,FILLED,OUO,OL-20250710-164500-001-MA_CROSS-56,['O-20250710-164500-001-MA_CROSS-173'],O-20250710-164500-001-MA_CROSS-171,,,,['MA_CROSS_SL'],efac3a73-9ca1-4897-8c81-91f6ced9f4f2,1752165900000000000,1752177060000000000,1.16990,DEFAULT,,,,,
BACKTESTER-001,MovingAverageCrossover-MA_CROSS,EUR/USD.IDEALPRO,IDEALPRO-1-173,EUR/USD.IDEALPRO-MovingAverageCrossover-MA_CROSS,IDEALPRO-001,,LIMIT,BUY,99999.99,GTC,True,False,0.00,NO_LIQUIDITY_SIDE,,,,NO_TRIGGER,CANCELED,OUO,OL-20250710-164500-001-MA_CROSS-56,['O-20250710-164500-001-MA_CROSS-172'],O-20250710-164500-001-MA_CROSS-171,,,,['MA_CROSS_TP'],cb511c67-f41c-46bb-8792-ba19cfa04b09,1752165900000000000,1752177060000000000,,,,,1.16090,True,
BACKTESTER-001,MovingAverageCrossover-MA_CROSS,EUR/USD.IDEALPRO,IDEALPRO-1-174,EUR/USD.IDEALPRO-MovingAverageCrossover-MA_CROSS,IDEALPRO-001,IDEALPRO-1-201466,MARKET,BUY,100000.00,GTC,False,False,100000.00,TAKER,1.16206499999975,0.0,['2.32 USD'],NO_TRIGGER,FILLED,OTO,OL-20250718-070000-001-MA_CROSS-57,"['O-20250718-070000-001-MA_CROSS-175', 'O-20250718-070000-001-MA_CROSS-176']",,,,,['MA_CROSS'],6bc43566-45d2-4c1b-8181-b02896f3f74a,1752822000000000000,1752822000000000000,,,,,,,
BACKTESTER-001,MovingAverageCrossover-MA_CROSS,EUR/USD.IDEALPRO,IDEALPRO-1-175,EUR/USD.IDEALPRO-MovingAverageCrossover-MA_CROSS,IDEALPRO-001,,STOP_MARKET,SELL,99999.99,GTC,True,False,0.00,NO_LIQUIDITY_SIDE,,,,NO_TRIGGER,CANCELED,OUO,OL-20250718-070000-001-MA_CROSS-57,['O-20250718-070000-001-MA_CROSS-176'],O-20250718-070000-001-MA_CROSS-174,,,,['MA_CROSS_SL'],738474e3-9a20-4a05-9b15-70b7436d2dca,1752822000000000000,1753109760000000000,1.16056,DEFAULT,,,,,
BACKTESTER-001,MovingAverageCrossover-MA_CROSS,EUR/USD.IDEALPRO,IDEALPRO-1-176,EUR/USD.IDEALPRO-MovingAverageCrossover-MA_CROSS,IDEALPRO-001,IDEALPRO-1-203369,LIMIT,SELL,100000.00,GTC,True,False,100000.00,MAKER,1.1695600000000002,-2.220446049250313e-16,['2.34 USD'],NO_TRIGGER,FILLED,OUO,OL-20250718-070000-001-MA_CROSS-57,['O-20250718-070000-001-MA_CROSS-175'],O-20250718-070000-001-MA_CROSS-174,,,,['MA_CROSS_TP'],9456bd1d-d2de-48dc-8d65-3b1618407b78,1752822000000000000,1753109760000000000,,,,,1.16956,True,
BACKTESTER-001,MovingAverageCrossover-MA_CROSS,EUR/USD.IDEALPRO,IDEALPRO-1-177,EUR/USD.IDEALPRO-MovingAverageCrossover-MA_CROSS,IDEALPRO-001,IDEALPRO-1-208670,MARKET,SELL,100000.00,GTC,False,False,100000.00,TAKER,1.17437500000025,0.0,['2.35 USD'],NO_TRIGGER,FILLED,OTO,OL-20250725-081500-001-MA_CROSS-58,"['O-20250725-081500-001-MA_CROSS-178', 'O-20250725-081500-001-MA_CROSS-179']",,,,,['MA_CROSS'],4906b3a8-5271-42ae-b6db-f673faabf592,1753431300000000000,1753431300000000000,,,,,,,
BACKTESTER-001,MovingAverageCrossover-MA_CROSS,EUR/USD.IDEALPRO,IDEALPRO-1-178,EUR/USD.IDEALPRO-MovingAverageCrossover-MA_CROSS,IDEALPRO-001,IDEALPRO-1-209455,STOP_MARKET,BUY,100000.00,GTC,True,False,100000.00,TAKER,1.17588499999975,4.999999750010531e-06,['2.35 USD'],NO_TRIGGER,FILLED,OUO,OL-20250725-081500-001-MA_CROSS-58,['O-20250725-081500-001-MA_CROSS-179'],O-20250725-081500-001-MA_CROSS-177,,,,['MA_CROSS_SL'],77161d19-5bf0-4350-ab1d-ddb6a4f3fa94,1753431300000000000,1753651980000000000,1.17588,DEFAULT,,,,,
BACKTESTER-001,MovingAverageCrossover-MA_CROSS,EUR/USD.IDEALPRO,IDEALPRO-1-179,EUR/USD.IDEALPRO-MovingAverageCrossover-MA_CROSS,IDEALPRO-001,,LIMIT,BUY,99999.99,GTC,True,False,0.00,NO_LIQUIDITY_SIDE,,,,NO_TRIGGER,CANCELED,OUO,OL-20250725-081500-001-MA_CROSS-58,['O-20250725-081500-001-MA_CROSS-178'],O-20250725-081500-001-MA_CROSS-177,,,,['MA_CROSS_TP'],835811bd-675f-4c79-957a-2f6584efb671,1753431300000000000,1753651980000000000,,,,,1.16688,True,
