trader_id,strategy_id,instrument_id,venue_order_id,account_id,trade_id,position_id,order_side,order_type,last_qty,last_px,currency,commission,liquidity_side,event_id,ts_event,ts_init,info,reconciliation
BACKTESTER-001,MovingAverageCrossover-MA_CROSS,EUR/USD.IDEALPRO,IDEALPRO-1-001,IDEALPRO-001,IDEALPRO-1-721,EUR/USD.IDEALPRO-MovingAverageCrossover-MA_CROSS,BUY,MARKET,0.01,1.03323,USD,0.00 USD,TAKER,c620900b-3a12-4e93-abeb-ec80586920a1,2025-01-02 12:00:00+00:00,2025-01-02 12:00:00+00:00,{},False
BACKTESTER-001,MovingAverageCrossover-MA_CROSS,EUR/USD.IDEALPRO,IDEALPRO-1-001,IDEALPRO-001,IDEALPRO-1-722,EUR/USD.IDEALPRO-MovingAverageCrossover-MA_CROSS,BUY,MARKET,99999.99,1.03324,USD,2.07 USD,TAKER,585a0ca5-ac32-421c-95de-619a0a934fc3,2025-01-02 12:00:00+00:00,2025-01-02 12:00:00+00:00,{},False
BACKTESTER-001,MovingAverageCrossover-MA_CROSS,EUR/USD.IDEALPRO,IDEALPRO-1-004,IDEALPRO-001,IDEALPRO-1-843,EUR/USD.IDEALPRO-MovingAverageCrossover-MA_CROSS,SELL,MARKET,0.01,1.03134,USD,0.00 USD,TAKER,1ae77fd4-44ac-4d61-8a33-72280d85475c,2025-01-02 14:00:00+00:00,2025-01-02 14:00:00+00:00,{},False
BACKTESTER-001,MovingAverageCrossover-MA_CROSS,EUR/USD.IDEALPRO,IDEALPRO-1-004,IDEALPRO-001,IDEALPRO-1-844,EUR/USD.IDEALPRO-MovingAverageCrossover-MA_CROSS,SELL,MARKET,99999.99,1.03133,USD,2.06 USD,TAKER,8f75741a-16d4-4088-b9de-5b4b06ec318a,2025-01-02 14:00:00+00:00,2025-01-02 14:00:00+00:00,{},False
BACKTESTER-001,MovingAverageCrossover-MA_CROSS,EUR/USD.IDEALPRO,IDEALPRO-1-005,IDEALPRO-001,IDEALPRO-1-3035,EUR/USD.IDEALPRO-MovingAverageCrossover-MA_CROSS,BUY,MARKET,0.01,1.03161,USD,0.00 USD,TAKER,5c777e38-ae66-421b-acee-736f72bed352,2025-01-06 03:00:00+00:00,2025-01-06 03:00:00+00:00,{},False
BACKTESTER-001,MovingAverageCrossover-MA_CROSS,EUR/USD.IDEALPRO,IDEALPRO-1-005,IDEALPRO-001,IDEALPRO-1-3036,EUR/USD.IDEALPRO-MovingAverageCrossover-MA_CROSS,BUY,MARKET,99999.99,1.03162,USD,2.06 USD,TAKER,d6e3a259-f663-41af-8603-17f26d572319,2025-01-06 03:00:00+00:00,2025-01-06 03:00:00+00:00,{},False
BACKTESTER-001,MovingAverageCrossover-MA_CROSS,EUR/USD.IDEALPRO,IDEALPRO-1-007,IDEALPRO-001,IDEALPRO-1-3408,EUR/USD.IDEALPRO-MovingAverageCrossover-MA_CROSS,SELL,LIMIT,0.01,1.03661,USD,0.00 USD,MAKER,ead4ae7a-60dd-499a-ad20-addfb5c8a701,2025-01-06 09:11:00+00:00,2025-01-06 09:11:00+00:00,{},False
BACKTESTER-001,MovingAverageCrossover-MA_CROSS,EUR/USD.IDEALPRO,IDEALPRO-1-007,IDEALPRO-001,IDEALPRO-1-3409,EUR/USD.IDEALPRO-MovingAverageCrossover-MA_CROSS,SELL,LIMIT,99999.99,1.03661,USD,2.07 USD,MAKER,3605db7c-e461-49e3-8765-ecf67f09a6e6,2025-01-06 09:11:00+00:00,2025-01-06 09:11:00+00:00,{},False
BACKTESTER-001,MovingAverageCrossover-MA_CROSS,EUR/USD.IDEALPRO,IDEALPRO-1-010,IDEALPRO-001,IDEALPRO-1-6402,EUR/USD.IDEALPRO-MovingAverageCrossover-MA_CROSS,BUY,LIMIT,0.01,1.02969,USD,0.00 USD,MAKER,c51034bc-f87a-4009-85e8-32e968e87cfa,2025-01-08 11:31:00+00:00,2025-01-08 11:31:00+00:00,{},False
BACKTESTER-001,MovingAverageCrossover-MA_CROSS,EUR/USD.IDEALPRO,IDEALPRO-1-010,IDEALPRO-001,IDEALPRO-1-6403,EUR/USD.IDEALPRO-MovingAverageCrossover-MA_CROSS,BUY,LIMIT,99999.99,1.02969,USD,2.06 USD,MAKER,6584266d-382d-4674-a572-0db2e2b377de,2025-01-08 11:31:00+00:00,2025-01-08 11:31:00+00:00,{},False
BACKTESTER-001,MovingAverageCrossover-MA_CROSS,EUR/USD.IDEALPRO,IDEALPRO-1-008,IDEALPRO-001,IDEALPRO-1-5934,EUR/USD.IDEALPRO-MovingAverageCrossover-MA_CROSS,SELL,MARKET,0.01,1.03469,USD,0.00 USD,TAKER,9027105d-c1ff-4a20-9d0b-e405a863401e,2025-01-08 03:45:00+00:00,2025-01-08 03:45:00+00:00,{},False
BACKTESTER-001,MovingAverageCrossover-MA_CROSS,EUR/USD.IDEALPRO,IDEALPRO-1-008,IDEALPRO-001,IDEALPRO-1-5935,EUR/USD.IDEALPRO-MovingAverageCrossover-MA_CROSS,SELL,MARKET,99999.99,1.03468,USD,2.07 USD,TAKER,532eade9-952d-4f0a-9baa-9aa58147f9fe,2025-01-08 03:45:00+00:00,2025-01-08 03:45:00+00:00,{},False
BACKTESTER-001,MovingAverageCrossover-MA_CROSS,EUR/USD.IDEALPRO,IDEALPRO-1-011,IDEALPRO-001,IDEALPRO-1-12238,EUR/USD.IDEALPRO-MovingAverageCrossover-MA_CROSS,BUY,MARKET,0.01,1.02534,USD,0.00 USD,TAKER,f35d9e50-cb2a-40d1-89c4-d890d6f1fb39,2025-01-14 13:45:00+00:00,2025-01-14 13:45:00+00:00,{},False
BACKTESTER-001,MovingAverageCrossover-MA_CROSS,EUR/USD.IDEALPRO,IDEALPRO-1-011,IDEALPRO-001,IDEALPRO-1-12239,EUR/USD.IDEALPRO-MovingAverageCrossover-MA_CROSS,BUY,MARKET,99999.99,1.02535,USD,2.05 USD,TAKER,c76de334-9f2e-4753-96aa-544ba2e6d3ac,2025-01-14 13:45:00+00:00,2025-01-14 13:45:00+00:00,{},False
BACKTESTER-001,MovingAverageCrossover-MA_CROSS,EUR/USD.IDEALPRO,IDEALPRO-1-013,IDEALPRO-001,IDEALPRO-1-12392,EUR/USD.IDEALPRO-MovingAverageCrossover-MA_CROSS,SELL,LIMIT,0.01,1.03034,USD,0.00 USD,MAKER,439c14ed-d8a9-437d-ba63-557e765726b1,2025-01-14 16:17:00+00:00,2025-01-14 16:17:00+00:00,{},False
BACKTESTER-001,MovingAverageCrossover-MA_CROSS,EUR/USD.IDEALPRO,IDEALPRO-1-013,IDEALPRO-001,IDEALPRO-1-12393,EUR/USD.IDEALPRO-MovingAverageCrossover-MA_CROSS,SELL,LIMIT,99999.99,1.03034,USD,2.06 USD,MAKER,39dd56b9-7420-4a84-98f7-fc6770e21e78,2025-01-14 16:17:00+00:00,2025-01-14 16:17:00+00:00,{},False
BACKTESTER-001,MovingAverageCrossover-MA_CROSS,EUR/USD.IDEALPRO,IDEALPRO-1-014,IDEALPRO-001,IDEALPRO-1-16457,EUR/USD.IDEALPRO-MovingAverageCrossover-MA_CROSS,SELL,MARKET,0.01,1.02957,USD,0.00 USD,TAKER,9e511283-3af1-4ece-b923-7b5431c3de24,2025-01-17 12:45:00+00:00,2025-01-17 12:45:00+00:00,{},False
BACKTESTER-001,MovingAverageCrossover-MA_CROSS,EUR/USD.IDEALPRO,IDEALPRO-1-014,IDEALPRO-001,IDEALPRO-1-16458,EUR/USD.IDEALPRO-MovingAverageCrossover-MA_CROSS,SELL,MARKET,99999.99,1.02956,USD,2.06 USD,TAKER,9c2ee53e-e7f0-4ecd-af2d-411659e811a8,2025-01-17 12:45:00+00:00,2025-01-17 12:45:00+00:00,{},False
BACKTESTER-001,MovingAverageCrossover-MA_CROSS,EUR/USD.IDEALPRO,IDEALPRO-1-015,IDEALPRO-001,IDEALPRO-1-16606,EUR/USD.IDEALPRO-MovingAverageCrossover-MA_CROSS,BUY,STOP_MARKET,0.01,1.03307,USD,0.00 USD,TAKER,0033f03d-1be3-451b-93b7-1312852ed02d,2025-01-17 15:12:00+00:00,2025-01-17 15:12:00+00:00,{},False
BACKTESTER-001,MovingAverageCrossover-MA_CROSS,EUR/USD.IDEALPRO,IDEALPRO-1-015,IDEALPRO-001,IDEALPRO-1-16607,EUR/USD.IDEALPRO-MovingAverageCrossover-MA_CROSS,BUY,STOP_MARKET,99999.99,1.03308,USD,2.07 USD,TAKER,a8f70a79-2fa7-487b-bc81-50056954942b,2025-01-17 15:12:00+00:00,2025-01-17 15:12:00+00:00,{},False
BACKTESTER-001,MovingAverageCrossover-MA_CROSS,EUR/USD.IDEALPRO,IDEALPRO-1-017,IDEALPRO-001,IDEALPRO-1-17676,EUR/USD.IDEALPRO-MovingAverageCrossover-MA_CROSS,BUY,MARKET,0.01,1.03136,USD,0.00 USD,TAKER,67121a93-7c78-4494-9ccd-23f1e11381b4,2025-01-20 09:15:00+00:00,2025-01-20 09:15:00+00:00,{},False
BACKTESTER-001,MovingAverageCrossover-MA_CROSS,EUR/USD.IDEALPRO,IDEALPRO-1-017,IDEALPRO-001,IDEALPRO-1-17677,EUR/USD.IDEALPRO-MovingAverageCrossover-MA_CROSS,BUY,MARKET,99999.99,1.03137,USD,2.06 USD,TAKER,d7427274-1b47-4c62-b766-5546e585a050,2025-01-20 09:15:00+00:00,2025-01-20 09:15:00+00:00,{},False
BACKTESTER-001,MovingAverageCrossover-MA_CROSS,EUR/USD.IDEALPRO,IDEALPRO-1-019,IDEALPRO-001,IDEALPRO-1-17935,EUR/USD.IDEALPRO-MovingAverageCrossover-MA_CROSS,SELL,LIMIT,0.01,1.03636,USD,0.00 USD,MAKER,b2df12bb-333e-4781-b1d7-7ebe9cd1f117,2025-01-20 13:32:00+00:00,2025-01-20 13:32:00+00:00,{},False
BACKTESTER-001,MovingAverageCrossover-MA_CROSS,EUR/USD.IDEALPRO,IDEALPRO-1-019,IDEALPRO-001,IDEALPRO-1-17936,EUR/USD.IDEALPRO-MovingAverageCrossover-MA_CROSS,SELL,LIMIT,99999.99,1.03636,USD,2.07 USD,MAKER,2d083de3-3930-43e8-9f82-7f53bac78d2b,2025-01-20 13:32:00+00:00,2025-01-20 13:32:00+00:00,{},False
BACKTESTER-001,MovingAverageCrossover-MA_CROSS,EUR/USD.IDEALPRO,IDEALPRO-1-020,IDEALPRO-001,IDEALPRO-1-22315,EUR/USD.IDEALPRO-MovingAverageCrossover-MA_CROSS,SELL,MARKET,0.01,1.04012,USD,0.00 USD,TAKER,22cd2138-00eb-4ae8-9f4f-ddcb4222d333,2025-01-23 15:15:00+00:00,2025-01-23 15:15:00+00:00,{},False
BACKTESTER-001,MovingAverageCrossover-MA_CROSS,EUR/USD.IDEALPRO,IDEALPRO-1-020,IDEALPRO-001,IDEALPRO-1-22316,EUR/USD.IDEALPRO-MovingAverageCrossover-MA_CROSS,SELL,MARKET,99999.99,1.04011,USD,2.08 USD,TAKER,d86759d7-ac1d-493a-9c4d-fa963a73f5e1,2025-01-23 15:15:00+00:00,2025-01-23 15:15:00+00:00,{},False
BACKTESTER-001,MovingAverageCrossover-MA_CROSS,EUR/USD.IDEALPRO,IDEALPRO-1-021,IDEALPRO-001,IDEALPRO-1-22473,EUR/USD.IDEALPRO-MovingAverageCrossover-MA_CROSS,BUY,STOP_MARKET,0.01,1.04362,USD,0.00 USD,TAKER,3b476c7b-abd4-472c-821a-4e22842cfda7,2025-01-23 17:51:00+00:00,2025-01-23 17:51:00+00:00,{},False
BACKTESTER-001,MovingAverageCrossover-MA_CROSS,EUR/USD.IDEALPRO,IDEALPRO-1-021,IDEALPRO-001,IDEALPRO-1-22474,EUR/USD.IDEALPRO-MovingAverageCrossover-MA_CROSS,BUY,STOP_MARKET,99999.99,1.04363,USD,2.09 USD,TAKER,ea87d355-ed03-45e4-8e42-fa8bd895d725,2025-01-23 17:51:00+00:00,2025-01-23 17:51:00+00:00,{},False
BACKTESTER-001,MovingAverageCrossover-MA_CROSS,EUR/USD.IDEALPRO,IDEALPRO-1-023,IDEALPRO-001,IDEALPRO-1-22484,EUR/USD.IDEALPRO-MovingAverageCrossover-MA_CROSS,BUY,MARKET,0.01,1.04354,USD,0.00 USD,TAKER,22002bbe-7270-4049-b7de-1d9db178bfc1,2025-01-23 18:00:00+00:00,2025-01-23 18:00:00+00:00,{},False
BACKTESTER-001,MovingAverageCrossover-MA_CROSS,EUR/USD.IDEALPRO,IDEALPRO-1-023,IDEALPRO-001,IDEALPRO-1-22485,EUR/USD.IDEALPRO-MovingAverageCrossover-MA_CROSS,BUY,MARKET,99999.99,1.04355,USD,2.09 USD,TAKER,3761f250-1798-490b-8dc2-cece13923437,2025-01-23 18:00:00+00:00,2025-01-23 18:00:00+00:00,{},False
BACKTESTER-001,MovingAverageCrossover-MA_CROSS,EUR/USD.IDEALPRO,IDEALPRO-1-025,IDEALPRO-001,IDEALPRO-1-23327,EUR/USD.IDEALPRO-MovingAverageCrossover-MA_CROSS,SELL,LIMIT,0.01,1.04854,USD,0.00 USD,MAKER,3aae1000-e0a1-4cbb-b371-32a837009b2b,2025-01-24 08:16:00+00:00,2025-01-24 08:16:00+00:00,{},False
BACKTESTER-001,MovingAverageCrossover-MA_CROSS,EUR/USD.IDEALPRO,IDEALPRO-1-025,IDEALPRO-001,IDEALPRO-1-23328,EUR/USD.IDEALPRO-MovingAverageCrossover-MA_CROSS,SELL,LIMIT,99999.99,1.04854,USD,2.10 USD,MAKER,45904c8e-6c43-410e-b2af-0c40c0ebc0fa,2025-01-24 08:16:00+00:00,2025-01-24 08:16:00+00:00,{},False
BACKTESTER-001,MovingAverageCrossover-MA_CROSS,EUR/USD.IDEALPRO,IDEALPRO-1-026,IDEALPRO-001,IDEALPRO-1-26103,EUR/USD.IDEALPRO-MovingAverageCrossover-MA_CROSS,SELL,MARKET,0.01,1.04376,USD,0.00 USD,TAKER,8be5c17f-3d95-45b7-95f5-b00eb18458a2,2025-01-28 07:00:00+00:00,2025-01-28 07:00:00+00:00,{},False
BACKTESTER-001,MovingAverageCrossover-MA_CROSS,EUR/USD.IDEALPRO,IDEALPRO-1-026,IDEALPRO-001,IDEALPRO-1-26104,EUR/USD.IDEALPRO-MovingAverageCrossover-MA_CROSS,SELL,MARKET,99999.99,1.04375,USD,2.09 USD,TAKER,24f1bd16-bd1c-4fe5-85b6-8fbba51f1df3,2025-01-28 07:00:00+00:00,2025-01-28 07:00:00+00:00,{},False
BACKTESTER-001,MovingAverageCrossover-MA_CROSS,EUR/USD.IDEALPRO,IDEALPRO-1-028,IDEALPRO-001,IDEALPRO-1-27908,EUR/USD.IDEALPRO-MovingAverageCrossover-MA_CROSS,BUY,LIMIT,0.01,1.03876,USD,0.00 USD,MAKER,a89ddfd5-dffe-462f-b144-eb68c1b9fda3,2025-01-29 13:18:00+00:00,2025-01-29 13:18:00+00:00,{},False
BACKTESTER-001,MovingAverageCrossover-MA_CROSS,EUR/USD.IDEALPRO,IDEALPRO-1-028,IDEALPRO-001,IDEALPRO-1-27909,EUR/USD.IDEALPRO-MovingAverageCrossover-MA_CROSS,BUY,LIMIT,99999.99,1.03876,USD,2.08 USD,MAKER,e03f8f75-7a5a-40a7-bc6c-9720efe1649e,2025-01-29 13:18:00+00:00,2025-01-29 13:18:00+00:00,{},False
BACKTESTER-001,MovingAverageCrossover-MA_CROSS,EUR/USD.IDEALPRO,IDEALPRO-1-029,IDEALPRO-001,IDEALPRO-1-33757,EUR/USD.IDEALPRO-MovingAverageCrossover-MA_CROSS,BUY,MARKET,0.01,1.03794,USD,0.00 USD,TAKER,b7fdd4c4-cc1a-423a-83b2-8a004df48bfa,2025-02-04 15:45:00+00:00,2025-02-04 15:45:00+00:00,{},False
BACKTESTER-001,MovingAverageCrossover-MA_CROSS,EUR/USD.IDEALPRO,IDEALPRO-1-029,IDEALPRO-001,IDEALPRO-1-33758,EUR/USD.IDEALPRO-MovingAverageCrossover-MA_CROSS,BUY,MARKET,99999.99,1.03795,USD,2.08 USD,TAKER,df40c2cc-2672-4d61-abdd-267ed2eaff20,2025-02-04 15:45:00+00:00,2025-02-04 15:45:00+00:00,{},False
BACKTESTER-001,MovingAverageCrossover-MA_CROSS,EUR/USD.IDEALPRO,IDEALPRO-1-031,IDEALPRO-001,IDEALPRO-1-34878,EUR/USD.IDEALPRO-MovingAverageCrossover-MA_CROSS,SELL,LIMIT,0.01,1.04294,USD,0.00 USD,MAKER,0f6711b1-cb1d-4402-b619-b6c9db88627d,2025-02-05 10:39:00+00:00,2025-02-05 10:39:00+00:00,{},False
BACKTESTER-001,MovingAverageCrossover-MA_CROSS,EUR/USD.IDEALPRO,IDEALPRO-1-031,IDEALPRO-001,IDEALPRO-1-34879,EUR/USD.IDEALPRO-MovingAverageCrossover-MA_CROSS,SELL,LIMIT,99999.99,1.04294,USD,2.09 USD,MAKER,9ed5a3c7-fef8-48cb-aba8-cf03904d224b,2025-02-05 10:39:00+00:00,2025-02-05 10:39:00+00:00,{},False
BACKTESTER-001,MovingAverageCrossover-MA_CROSS,EUR/USD.IDEALPRO,IDEALPRO-1-032,IDEALPRO-001,IDEALPRO-1-36611,EUR/USD.IDEALPRO-MovingAverageCrossover-MA_CROSS,SELL,MARKET,0.01,1.03665,USD,0.00 USD,TAKER,94a900f0-d4b9-4a52-b7b5-5b535470db26,2025-02-06 15:45:00+00:00,2025-02-06 15:45:00+00:00,{},False
BACKTESTER-001,MovingAverageCrossover-MA_CROSS,EUR/USD.IDEALPRO,IDEALPRO-1-032,IDEALPRO-001,IDEALPRO-1-36612,EUR/USD.IDEALPRO-MovingAverageCrossover-MA_CROSS,SELL,MARKET,99999.99,1.03664,USD,2.07 USD,TAKER,681ff3af-e98a-4936-8c26-8ce6f5c4ba5d,2025-02-06 15:45:00+00:00,2025-02-06 15:45:00+00:00,{},False
BACKTESTER-001,MovingAverageCrossover-MA_CROSS,EUR/USD.IDEALPRO,IDEALPRO-1-035,IDEALPRO-001,IDEALPRO-1-37108,EUR/USD.IDEALPRO-MovingAverageCrossover-MA_CROSS,BUY,MARKET,0.01,1.03876,USD,0.00 USD,TAKER,464a6968-5784-4555-88b0-e13196203545,2025-02-07 00:15:00+00:00,2025-02-07 00:15:00+00:00,{},False
BACKTESTER-001,MovingAverageCrossover-MA_CROSS,EUR/USD.IDEALPRO,IDEALPRO-1-035,IDEALPRO-001,IDEALPRO-1-37109,EUR/USD.IDEALPRO-MovingAverageCrossover-MA_CROSS,BUY,MARKET,99999.99,1.03877,USD,2.08 USD,TAKER,0073d2cf-d68f-4dba-bd0a-cce80b6d7864,2025-02-07 00:15:00+00:00,2025-02-07 00:15:00+00:00,{},False
BACKTESTER-001,MovingAverageCrossover-MA_CROSS,EUR/USD.IDEALPRO,IDEALPRO-1-036,IDEALPRO-001,IDEALPRO-1-37425,EUR/USD.IDEALPRO-MovingAverageCrossover-MA_CROSS,SELL,MARKET,0.01,1.03786,USD,0.00 USD,TAKER,17e20fb1-4675-42c0-b429-94e601c5dde3,2025-02-07 05:30:00+00:00,2025-02-07 05:30:00+00:00,{},False
BACKTESTER-001,MovingAverageCrossover-MA_CROSS,EUR/USD.IDEALPRO,IDEALPRO-1-036,IDEALPRO-001,IDEALPRO-1-37426,EUR/USD.IDEALPRO-MovingAverageCrossover-MA_CROSS,SELL,MARKET,99999.99,1.03785,USD,2.08 USD,TAKER,8b35f5d3-4e4f-4fba-8a12-43e0f600ff20,2025-02-07 05:30:00+00:00,2025-02-07 05:30:00+00:00,{},False
BACKTESTER-001,MovingAverageCrossover-MA_CROSS,EUR/USD.IDEALPRO,IDEALPRO-1-038,IDEALPRO-001,IDEALPRO-1-38055,EUR/USD.IDEALPRO-MovingAverageCrossover-MA_CROSS,BUY,LIMIT,0.01,1.03286,USD,0.00 USD,MAKER,0d5822e4-b4d0-46cd-892a-7ea4acc3d184,2025-02-07 15:58:00+00:00,2025-02-07 15:58:00+00:00,{},False
BACKTESTER-001,MovingAverageCrossover-MA_CROSS,EUR/USD.IDEALPRO,IDEALPRO-1-038,IDEALPRO-001,IDEALPRO-1-38056,EUR/USD.IDEALPRO-MovingAverageCrossover-MA_CROSS,BUY,LIMIT,99999.99,1.03286,USD,2.07 USD,MAKER,07d53c8f-1802-4b26-9269-f2b147d2c253,2025-02-07 15:58:00+00:00,2025-02-07 15:58:00+00:00,{},False
BACKTESTER-001,MovingAverageCrossover-MA_CROSS,EUR/USD.IDEALPRO,IDEALPRO-1-039,IDEALPRO-001,IDEALPRO-1-41164,EUR/USD.IDEALPRO-MovingAverageCrossover-MA_CROSS,BUY,MARKET,0.01,1.03618,USD,0.00 USD,TAKER,f52c6e37-f2a8-479a-9672-4362200be80f,2025-02-11 20:15:00+00:00,2025-02-11 20:15:00+00:00,{},False
BACKTESTER-001,MovingAverageCrossover-MA_CROSS,EUR/USD.IDEALPRO,IDEALPRO-1-039,IDEALPRO-001,IDEALPRO-1-41165,EUR/USD.IDEALPRO-MovingAverageCrossover-MA_CROSS,BUY,MARKET,99999.99,1.03619,USD,2.07 USD,TAKER,44ff92bb-2187-46bb-91c4-3229e5d23cf5,2025-02-11 20:15:00+00:00,2025-02-11 20:15:00+00:00,{},False
BACKTESTER-001,MovingAverageCrossover-MA_CROSS,EUR/USD.IDEALPRO,IDEALPRO-1-040,IDEALPRO-001,IDEALPRO-1-42187,EUR/USD.IDEALPRO-MovingAverageCrossover-MA_CROSS,SELL,STOP_MARKET,0.01,1.03268,USD,0.00 USD,TAKER,c0105bdf-0426-433a-9fef-796bf122866b,2025-02-12 13:31:00+00:00,2025-02-12 13:31:00+00:00,{},False
BACKTESTER-001,MovingAverageCrossover-MA_CROSS,EUR/USD.IDEALPRO,IDEALPRO-1-040,IDEALPRO-001,IDEALPRO-1-42188,EUR/USD.IDEALPRO-MovingAverageCrossover-MA_CROSS,SELL,STOP_MARKET,99999.99,1.03267,USD,2.07 USD,TAKER,29511a71-6e78-4cad-9d3d-74b5cd19876b,2025-02-12 13:31:00+00:00,2025-02-12 13:31:00+00:00,{},False
BACKTESTER-001,MovingAverageCrossover-MA_CROSS,EUR/USD.IDEALPRO,IDEALPRO-1-042,IDEALPRO-001,IDEALPRO-1-47558,EUR/USD.IDEALPRO-MovingAverageCrossover-MA_CROSS,SELL,MARKET,0.01,1.04635,USD,0.00 USD,TAKER,1b0ac16e-cb9d-4fc5-839e-4991b2a3c2b5,2025-02-18 08:00:00+00:00,2025-02-18 08:00:00+00:00,{},False
BACKTESTER-001,MovingAverageCrossover-MA_CROSS,EUR/USD.IDEALPRO,IDEALPRO-1-042,IDEALPRO-001,IDEALPRO-1-47559,EUR/USD.IDEALPRO-MovingAverageCrossover-MA_CROSS,SELL,MARKET,99999.99,1.04634,USD,2.09 USD,TAKER,5aa2bc66-9d85-47b2-a8d3-e2b5d2d21759,2025-02-18 08:00:00+00:00,2025-02-18 08:00:00+00:00,{},False
BACKTESTER-001,MovingAverageCrossover-MA_CROSS,EUR/USD.IDEALPRO,IDEALPRO-1-044,IDEALPRO-001,IDEALPRO-1-49471,EUR/USD.IDEALPRO-MovingAverageCrossover-MA_CROSS,BUY,LIMIT,0.01,1.04135,USD,0.00 USD,MAKER,cc5abbe0-584c-4f21-8ed9-c57fd642e59a,2025-02-19 16:06:00+00:00,2025-02-19 16:06:00+00:00,{},False
BACKTESTER-001,MovingAverageCrossover-MA_CROSS,EUR/USD.IDEALPRO,IDEALPRO-1-044,IDEALPRO-001,IDEALPRO-1-49472,EUR/USD.IDEALPRO-MovingAverageCrossover-MA_CROSS,BUY,LIMIT,99999.99,1.04135,USD,2.08 USD,MAKER,31a0cf88-669c-44da-a342-6c14612de780,2025-02-19 16:06:00+00:00,2025-02-19 16:06:00+00:00,{},False
BACKTESTER-001,MovingAverageCrossover-MA_CROSS,EUR/USD.IDEALPRO,IDEALPRO-1-045,IDEALPRO-001,IDEALPRO-1-50967,EUR/USD.IDEALPRO-MovingAverageCrossover-MA_CROSS,BUY,MARKET,0.01,1.04842,USD,0.00 USD,TAKER,d50fb125-750f-42ac-b1d0-c577f7231586,2025-02-20 17:15:00+00:00,2025-02-20 17:15:00+00:00,{},False
BACKTESTER-001,MovingAverageCrossover-MA_CROSS,EUR/USD.IDEALPRO,IDEALPRO-1-045,IDEALPRO-001,IDEALPRO-1-50968,EUR/USD.IDEALPRO-MovingAverageCrossover-MA_CROSS,BUY,MARKET,99999.99,1.04843,USD,2.10 USD,TAKER,947171be-5bb2-4f9c-b130-354a4fce82c8,2025-02-20 17:15:00+00:00,2025-02-20 17:15:00+00:00,{},False
BACKTESTER-001,MovingAverageCrossover-MA_CROSS,EUR/USD.IDEALPRO,IDEALPRO-1-048,IDEALPRO-001,IDEALPRO-1-53969,EUR/USD.IDEALPRO-MovingAverageCrossover-MA_CROSS,SELL,MARKET,0.01,1.04747,USD,0.00 USD,TAKER,2d601124-5eae-4caf-a5f6-38e31836392b,2025-02-24 19:45:00+00:00,2025-02-24 19:45:00+00:00,{},False
BACKTESTER-001,MovingAverageCrossover-MA_CROSS,EUR/USD.IDEALPRO,IDEALPRO-1-048,IDEALPRO-001,IDEALPRO-1-53970,EUR/USD.IDEALPRO-MovingAverageCrossover-MA_CROSS,SELL,MARKET,99999.99,1.04746,USD,2.09 USD,TAKER,74dbf7d2-ab6e-461b-aa13-5d94371f25bb,2025-02-24 19:45:00+00:00,2025-02-24 19:45:00+00:00,{},False
BACKTESTER-001,MovingAverageCrossover-MA_CROSS,EUR/USD.IDEALPRO,IDEALPRO-1-049,IDEALPRO-001,IDEALPRO-1-55126,EUR/USD.IDEALPRO-MovingAverageCrossover-MA_CROSS,BUY,MARKET,0.01,1.05131,USD,0.00 USD,TAKER,55226140-5aca-419c-bfa8-8cd6fb38827b,2025-02-25 15:15:00+00:00,2025-02-25 15:15:00+00:00,{},False
BACKTESTER-001,MovingAverageCrossover-MA_CROSS,EUR/USD.IDEALPRO,IDEALPRO-1-049,IDEALPRO-001,IDEALPRO-1-55127,EUR/USD.IDEALPRO-MovingAverageCrossover-MA_CROSS,BUY,MARKET,99999.99,1.05132,USD,2.10 USD,TAKER,f3aaba41-8c8a-4a5c-85af-67b3c0b45be9,2025-02-25 15:15:00+00:00,2025-02-25 15:15:00+00:00,{},False
BACKTESTER-001,MovingAverageCrossover-MA_CROSS,EUR/USD.IDEALPRO,IDEALPRO-1-050,IDEALPRO-001,IDEALPRO-1-56413,EUR/USD.IDEALPRO-MovingAverageCrossover-MA_CROSS,SELL,STOP_MARKET,0.01,1.04781,USD,0.00 USD,TAKER,98ff61d5-195a-4516-8ee5-c6241d7766e1,2025-02-26 12:55:00+00:00,2025-02-26 12:55:00+00:00,{},False
BACKTESTER-001,MovingAverageCrossover-MA_CROSS,EUR/USD.IDEALPRO,IDEALPRO-1-050,IDEALPRO-001,IDEALPRO-1-56414,EUR/USD.IDEALPRO-MovingAverageCrossover-MA_CROSS,SELL,STOP_MARKET,99999.99,1.04780,USD,2.10 USD,TAKER,cd0cbe01-f962-4dd0-8bbd-aa0f8ecdd841,2025-02-26 12:55:00+00:00,2025-02-26 12:55:00+00:00,{},False
BACKTESTER-001,MovingAverageCrossover-MA_CROSS,EUR/USD.IDEALPRO,IDEALPRO-1-052,IDEALPRO-001,IDEALPRO-1-57290,EUR/USD.IDEALPRO-MovingAverageCrossover-MA_CROSS,SELL,MARKET,0.01,1.04722,USD,0.00 USD,TAKER,58034b26-72d0-4f75-8663-5fc0ee9e4e52,2025-02-27 03:45:00+00:00,2025-02-27 03:45:00+00:00,{},False
BACKTESTER-001,MovingAverageCrossover-MA_CROSS,EUR/USD.IDEALPRO,IDEALPRO-1-052,IDEALPRO-001,IDEALPRO-1-57291,EUR/USD.IDEALPRO-MovingAverageCrossover-MA_CROSS,SELL,MARKET,99999.99,1.04721,USD,2.09 USD,TAKER,e7deec04-0074-4048-8099-2157afa05e8c,2025-02-27 03:45:00+00:00,2025-02-27 03:45:00+00:00,{},False
BACKTESTER-001,MovingAverageCrossover-MA_CROSS,EUR/USD.IDEALPRO,IDEALPRO-1-054,IDEALPRO-001,IDEALPRO-1-57905,EUR/USD.IDEALPRO-MovingAverageCrossover-MA_CROSS,BUY,LIMIT,0.01,1.04222,USD,0.00 USD,MAKER,bffb01bf-df6b-46b6-97e4-a290b192536a,2025-02-27 13:58:00+00:00,2025-02-27 13:58:00+00:00,{},False
BACKTESTER-001,MovingAverageCrossover-MA_CROSS,EUR/USD.IDEALPRO,IDEALPRO-1-054,IDEALPRO-001,IDEALPRO-1-57906,EUR/USD.IDEALPRO-MovingAverageCrossover-MA_CROSS,BUY,LIMIT,99999.99,1.04222,USD,2.08 USD,MAKER,27d896bf-11d0-4fb0-9db2-52d5d1a1d107,2025-02-27 13:58:00+00:00,2025-02-27 13:58:00+00:00,{},False
BACKTESTER-001,MovingAverageCrossover-MA_CROSS,EUR/USD.IDEALPRO,IDEALPRO-1-055,IDEALPRO-001,IDEALPRO-1-60789,EUR/USD.IDEALPRO-MovingAverageCrossover-MA_CROSS,BUY,MARKET,0.01,1.04846,USD,0.00 USD,TAKER,9e5b9187-bd57-49b0-9722-0d96d36baae9,2025-03-03 14:30:00+00:00,2025-03-03 14:30:00+00:00,{},False
BACKTESTER-001,MovingAverageCrossover-MA_CROSS,EUR/USD.IDEALPRO,IDEALPRO-1-055,IDEALPRO-001,IDEALPRO-1-60790,EUR/USD.IDEALPRO-MovingAverageCrossover-MA_CROSS,BUY,MARKET,99999.99,1.04847,USD,2.10 USD,TAKER,9fe440fb-494b-40ae-a5fb-9a3b635f1c92,2025-03-03 14:30:00+00:00,2025-03-03 14:30:00+00:00,{},False
BACKTESTER-001,MovingAverageCrossover-MA_CROSS,EUR/USD.IDEALPRO,IDEALPRO-1-057,IDEALPRO-001,IDEALPRO-1-62058,EUR/USD.IDEALPRO-MovingAverageCrossover-MA_CROSS,SELL,LIMIT,0.01,1.05346,USD,0.00 USD,MAKER,a6ff256f-8c7b-48b9-89b5-4082c53cd727,2025-03-04 11:52:00+00:00,2025-03-04 11:52:00+00:00,{},False
BACKTESTER-001,MovingAverageCrossover-MA_CROSS,EUR/USD.IDEALPRO,IDEALPRO-1-057,IDEALPRO-001,IDEALPRO-1-62059,EUR/USD.IDEALPRO-MovingAverageCrossover-MA_CROSS,SELL,LIMIT,99999.99,1.05346,USD,2.11 USD,MAKER,4566df80-c927-47ef-8eb3-5b17bf7bee1e,2025-03-04 11:52:00+00:00,2025-03-04 11:52:00+00:00,{},False
BACKTESTER-001,MovingAverageCrossover-MA_CROSS,EUR/USD.IDEALPRO,IDEALPRO-1-058,IDEALPRO-001,IDEALPRO-1-71968,EUR/USD.IDEALPRO-MovingAverageCrossover-MA_CROSS,SELL,MARKET,0.01,1.08732,USD,0.00 USD,TAKER,e70846ef-6498-415d-9d4c-6b3763c0df51,2025-03-13 09:45:00+00:00,2025-03-13 09:45:00+00:00,{},False
BACKTESTER-001,MovingAverageCrossover-MA_CROSS,EUR/USD.IDEALPRO,IDEALPRO-1-058,IDEALPRO-001,IDEALPRO-1-71969,EUR/USD.IDEALPRO-MovingAverageCrossover-MA_CROSS,SELL,MARKET,99999.99,1.08731,USD,2.17 USD,TAKER,86f7072d-c635-4b5c-87e5-75435f114925,2025-03-13 09:45:00+00:00,2025-03-13 09:45:00+00:00,{},False
BACKTESTER-001,MovingAverageCrossover-MA_CROSS,EUR/USD.IDEALPRO,IDEALPRO-1-060,IDEALPRO-001,IDEALPRO-1-72180,EUR/USD.IDEALPRO-MovingAverageCrossover-MA_CROSS,BUY,LIMIT,0.01,1.08232,USD,0.00 USD,MAKER,86c341a1-812f-445d-a781-dd46feac7b87,2025-03-13 13:15:00+00:00,2025-03-13 13:15:00+00:00,{},False
BACKTESTER-001,MovingAverageCrossover-MA_CROSS,EUR/USD.IDEALPRO,IDEALPRO-1-060,IDEALPRO-001,IDEALPRO-1-72181,EUR/USD.IDEALPRO-MovingAverageCrossover-MA_CROSS,BUY,LIMIT,99999.99,1.08232,USD,2.16 USD,MAKER,d77868e5-aa76-4e03-8fc2-325e6e854012,2025-03-13 13:15:00+00:00,2025-03-13 13:15:00+00:00,{},False
BACKTESTER-001,MovingAverageCrossover-MA_CROSS,EUR/USD.IDEALPRO,IDEALPRO-1-061,IDEALPRO-001,IDEALPRO-1-73952,EUR/USD.IDEALPRO-MovingAverageCrossover-MA_CROSS,BUY,MARKET,0.01,1.08802,USD,0.00 USD,TAKER,1398e733-5108-47a0-803f-a5c00d8b4e2d,2025-03-14 19:00:00+00:00,2025-03-14 19:00:00+00:00,{},False
BACKTESTER-001,MovingAverageCrossover-MA_CROSS,EUR/USD.IDEALPRO,IDEALPRO-1-061,IDEALPRO-001,IDEALPRO-1-73953,EUR/USD.IDEALPRO-MovingAverageCrossover-MA_CROSS,BUY,MARKET,99999.99,1.08803,USD,2.18 USD,TAKER,8e643e75-c1be-42f3-b1d2-9b7358111a38,2025-03-14 19:00:00+00:00,2025-03-14 19:00:00+00:00,{},False
BACKTESTER-001,MovingAverageCrossover-MA_CROSS,EUR/USD.IDEALPRO,IDEALPRO-1-063,IDEALPRO-001,IDEALPRO-1-76143,EUR/USD.IDEALPRO-MovingAverageCrossover-MA_CROSS,SELL,LIMIT,0.01,1.09302,USD,0.00 USD,MAKER,ac548d21-7703-492d-8c48-198110fb2a0b,2025-03-18 07:59:00+00:00,2025-03-18 07:59:00+00:00,{},False
BACKTESTER-001,MovingAverageCrossover-MA_CROSS,EUR/USD.IDEALPRO,IDEALPRO-1-063,IDEALPRO-001,IDEALPRO-1-76144,EUR/USD.IDEALPRO-MovingAverageCrossover-MA_CROSS,SELL,LIMIT,99999.99,1.09302,USD,2.19 USD,MAKER,83356c79-9dbb-40a2-95f6-df1ccdd2dd3e,2025-03-18 07:59:00+00:00,2025-03-18 07:59:00+00:00,{},False
BACKTESTER-001,MovingAverageCrossover-MA_CROSS,EUR/USD.IDEALPRO,IDEALPRO-1-064,IDEALPRO-001,IDEALPRO-1-77931,EUR/USD.IDEALPRO-MovingAverageCrossover-MA_CROSS,SELL,MARKET,0.01,1.08945,USD,0.00 USD,TAKER,d83ea23d-3f07-4c59-919e-ec0546151e92,2025-03-19 14:00:00+00:00,2025-03-19 14:00:00+00:00,{},False
BACKTESTER-001,MovingAverageCrossover-MA_CROSS,EUR/USD.IDEALPRO,IDEALPRO-1-064,IDEALPRO-001,IDEALPRO-1-77932,EUR/USD.IDEALPRO-MovingAverageCrossover-MA_CROSS,SELL,MARKET,99999.99,1.08944,USD,2.18 USD,TAKER,d58d2f51-21db-4574-bfe6-a818c6463efc,2025-03-19 14:00:00+00:00,2025-03-19 14:00:00+00:00,{},False
BACKTESTER-001,MovingAverageCrossover-MA_CROSS,EUR/USD.IDEALPRO,IDEALPRO-1-066,IDEALPRO-001,IDEALPRO-1-79084,EUR/USD.IDEALPRO-MovingAverageCrossover-MA_CROSS,BUY,LIMIT,0.01,1.08445,USD,0.00 USD,MAKER,d416a677-ee2a-4512-9ca8-4941f05ad320,2025-03-20 09:26:00+00:00,2025-03-20 09:26:00+00:00,{},False
BACKTESTER-001,MovingAverageCrossover-MA_CROSS,EUR/USD.IDEALPRO,IDEALPRO-1-066,IDEALPRO-001,IDEALPRO-1-79085,EUR/USD.IDEALPRO-MovingAverageCrossover-MA_CROSS,BUY,LIMIT,99999.99,1.08445,USD,2.17 USD,MAKER,8fa7e9cb-331f-4480-9e96-8b6df3c7147d,2025-03-20 09:26:00+00:00,2025-03-20 09:26:00+00:00,{},False
BACKTESTER-001,MovingAverageCrossover-MA_CROSS,EUR/USD.IDEALPRO,IDEALPRO-1-067,IDEALPRO-001,IDEALPRO-1-86800,EUR/USD.IDEALPRO-MovingAverageCrossover-MA_CROSS,BUY,MARKET,0.01,1.07959,USD,0.00 USD,TAKER,a1415213-201f-487c-9d87-93f76c6a9adc,2025-03-27 19:15:00+00:00,2025-03-27 19:15:00+00:00,{},False
BACKTESTER-001,MovingAverageCrossover-MA_CROSS,EUR/USD.IDEALPRO,IDEALPRO-1-067,IDEALPRO-001,IDEALPRO-1-86801,EUR/USD.IDEALPRO-MovingAverageCrossover-MA_CROSS,BUY,MARKET,99999.99,1.07960,USD,2.16 USD,TAKER,4e541003-8a94-40e8-93b4-4e62933f99d2,2025-03-27 19:15:00+00:00,2025-03-27 19:15:00+00:00,{},False
BACKTESTER-001,MovingAverageCrossover-MA_CROSS,EUR/USD.IDEALPRO,IDEALPRO-1-069,IDEALPRO-001,IDEALPRO-1-88923,EUR/USD.IDEALPRO-MovingAverageCrossover-MA_CROSS,SELL,LIMIT,0.01,1.08459,USD,0.00 USD,MAKER,14b3d09a-6703-4de7-8c37-c4731de2a083,2025-03-31 07:06:00+00:00,2025-03-31 07:06:00+00:00,{},False
BACKTESTER-001,MovingAverageCrossover-MA_CROSS,EUR/USD.IDEALPRO,IDEALPRO-1-069,IDEALPRO-001,IDEALPRO-1-88924,EUR/USD.IDEALPRO-MovingAverageCrossover-MA_CROSS,SELL,LIMIT,99999.99,1.08459,USD,2.17 USD,MAKER,8d52ddfa-e6c7-44ed-bfab-eb6b4f68a5aa,2025-03-31 07:06:00+00:00,2025-03-31 07:06:00+00:00,{},False
BACKTESTER-001,MovingAverageCrossover-MA_CROSS,EUR/USD.IDEALPRO,IDEALPRO-1-070,IDEALPRO-001,IDEALPRO-1-90704,EUR/USD.IDEALPRO-MovingAverageCrossover-MA_CROSS,SELL,MARKET,0.01,1.07872,USD,0.00 USD,TAKER,8dc322f1-de8b-4bf2-9bf9-44aae6ba7092,2025-04-01 13:00:00+00:00,2025-04-01 13:00:00+00:00,{},False
BACKTESTER-001,MovingAverageCrossover-MA_CROSS,EUR/USD.IDEALPRO,IDEALPRO-1-070,IDEALPRO-001,IDEALPRO-1-90705,EUR/USD.IDEALPRO-MovingAverageCrossover-MA_CROSS,SELL,MARKET,99999.99,1.07871,USD,2.16 USD,TAKER,1cf90701-b845-4334-a124-b663721b6e62,2025-04-01 13:00:00+00:00,2025-04-01 13:00:00+00:00,{},False
BACKTESTER-001,MovingAverageCrossover-MA_CROSS,EUR/USD.IDEALPRO,IDEALPRO-1-071,IDEALPRO-001,IDEALPRO-1-92147,EUR/USD.IDEALPRO-MovingAverageCrossover-MA_CROSS,BUY,STOP_MARKET,0.01,1.08222,USD,0.00 USD,TAKER,9fe0dea5-4747-4760-863d-48239776203b,2025-04-02 13:16:00+00:00,2025-04-02 13:16:00+00:00,{},False
BACKTESTER-001,MovingAverageCrossover-MA_CROSS,EUR/USD.IDEALPRO,IDEALPRO-1-071,IDEALPRO-001,IDEALPRO-1-92148,EUR/USD.IDEALPRO-MovingAverageCrossover-MA_CROSS,BUY,STOP_MARKET,99999.99,1.08223,USD,2.16 USD,TAKER,1c8cdc86-face-429a-8d43-15a471cb076d,2025-04-02 13:16:00+00:00,2025-04-02 13:16:00+00:00,{},False
BACKTESTER-001,MovingAverageCrossover-MA_CROSS,EUR/USD.IDEALPRO,IDEALPRO-1-073,IDEALPRO-001,IDEALPRO-1-92463,EUR/USD.IDEALPRO-MovingAverageCrossover-MA_CROSS,BUY,MARKET,0.01,1.08550,USD,0.00 USD,TAKER,f7cbe591-2539-461c-a9d4-07c3bfc3637c,2025-04-02 18:30:00+00:00,2025-04-02 18:30:00+00:00,{},False
BACKTESTER-001,MovingAverageCrossover-MA_CROSS,EUR/USD.IDEALPRO,IDEALPRO-1-073,IDEALPRO-001,IDEALPRO-1-92464,EUR/USD.IDEALPRO-MovingAverageCrossover-MA_CROSS,BUY,MARKET,99999.99,1.08551,USD,2.17 USD,TAKER,f20add45-0cdd-4ba9-85fe-17d39bd3d674,2025-04-02 18:30:00+00:00,2025-04-02 18:30:00+00:00,{},False
BACKTESTER-001,MovingAverageCrossover-MA_CROSS,EUR/USD.IDEALPRO,IDEALPRO-1-075,IDEALPRO-001,IDEALPRO-1-92573,EUR/USD.IDEALPRO-MovingAverageCrossover-MA_CROSS,SELL,LIMIT,0.01,1.09050,USD,0.00 USD,MAKER,06dc112d-cadd-4def-a3c2-24fcb57fc688,2025-04-02 20:18:00+00:00,2025-04-02 20:18:00+00:00,{},False
BACKTESTER-001,MovingAverageCrossover-MA_CROSS,EUR/USD.IDEALPRO,IDEALPRO-1-075,IDEALPRO-001,IDEALPRO-1-92574,EUR/USD.IDEALPRO-MovingAverageCrossover-MA_CROSS,SELL,LIMIT,99999.99,1.09050,USD,2.18 USD,MAKER,4d63ab3b-ebdf-48a7-898c-448abe4c7d88,2025-04-02 20:18:00+00:00,2025-04-02 20:18:00+00:00,{},False
BACKTESTER-001,MovingAverageCrossover-MA_CROSS,EUR/USD.IDEALPRO,IDEALPRO-1-076,IDEALPRO-001,IDEALPRO-1-95767,EUR/USD.IDEALPRO-MovingAverageCrossover-MA_CROSS,SELL,MARKET,0.01,1.09550,USD,0.00 USD,TAKER,e2cf7092-6b02-403c-87c3-e81c30bea86a,2025-04-07 02:15:00+00:00,2025-04-07 02:15:00+00:00,{},False
BACKTESTER-001,MovingAverageCrossover-MA_CROSS,EUR/USD.IDEALPRO,IDEALPRO-1-076,IDEALPRO-001,IDEALPRO-1-95768,EUR/USD.IDEALPRO-MovingAverageCrossover-MA_CROSS,SELL,MARKET,99999.99,1.09549,USD,2.19 USD,TAKER,c315d98c-9354-4788-a10b-83ec02f7a2ac,2025-04-07 02:15:00+00:00,2025-04-07 02:15:00+00:00,{},False
BACKTESTER-001,MovingAverageCrossover-MA_CROSS,EUR/USD.IDEALPRO,IDEALPRO-1-077,IDEALPRO-001,IDEALPRO-1-95953,EUR/USD.IDEALPRO-MovingAverageCrossover-MA_CROSS,BUY,STOP_MARKET,0.01,1.09900,USD,0.00 USD,TAKER,b34d94b3-8ab4-4bd0-9aaa-6226269d71d6,2025-04-07 05:19:00+00:00,2025-04-07 05:19:00+00:00,{},False
BACKTESTER-001,MovingAverageCrossover-MA_CROSS,EUR/USD.IDEALPRO,IDEALPRO-1-077,IDEALPRO-001,IDEALPRO-1-95954,EUR/USD.IDEALPRO-MovingAverageCrossover-MA_CROSS,BUY,STOP_MARKET,99999.99,1.09901,USD,2.20 USD,TAKER,bc68e3cd-ae16-45ea-947a-25e746d5c7bf,2025-04-07 05:19:00+00:00,2025-04-07 05:19:00+00:00,{},False
BACKTESTER-001,MovingAverageCrossover-MA_CROSS,EUR/USD.IDEALPRO,IDEALPRO-1-079,IDEALPRO-001,IDEALPRO-1-98636,EUR/USD.IDEALPRO-MovingAverageCrossover-MA_CROSS,BUY,MARKET,0.01,1.10235,USD,0.00 USD,TAKER,50ac061c-24b2-40cf-8746-338548e29653,2025-04-09 02:30:00+00:00,2025-04-09 02:30:00+00:00,{},False
BACKTESTER-001,MovingAverageCrossover-MA_CROSS,EUR/USD.IDEALPRO,IDEALPRO-1-079,IDEALPRO-001,IDEALPRO-1-98637,EUR/USD.IDEALPRO-MovingAverageCrossover-MA_CROSS,BUY,MARKET,99999.99,1.10236,USD,2.20 USD,TAKER,514c58c7-9bd8-4d1b-97f5-a780ddc7fe9c,2025-04-09 02:30:00+00:00,2025-04-09 02:30:00+00:00,{},False
BACKTESTER-001,MovingAverageCrossover-MA_CROSS,EUR/USD.IDEALPRO,IDEALPRO-1-081,IDEALPRO-001,IDEALPRO-1-98902,EUR/USD.IDEALPRO-MovingAverageCrossover-MA_CROSS,SELL,LIMIT,0.01,1.10735,USD,0.00 USD,MAKER,f8ca99ac-0d39-47a3-b28c-e27ebf939106,2025-04-09 06:54:00+00:00,2025-04-09 06:54:00+00:00,{},False
BACKTESTER-001,MovingAverageCrossover-MA_CROSS,EUR/USD.IDEALPRO,IDEALPRO-1-081,IDEALPRO-001,IDEALPRO-1-98903,EUR/USD.IDEALPRO-MovingAverageCrossover-MA_CROSS,SELL,LIMIT,99999.99,1.10735,USD,2.21 USD,MAKER,8ba58d14-ca11-43f1-ad65-012034b5b4ed,2025-04-09 06:54:00+00:00,2025-04-09 06:54:00+00:00,{},False
BACKTESTER-001,MovingAverageCrossover-MA_CROSS,EUR/USD.IDEALPRO,IDEALPRO-1-082,IDEALPRO-001,IDEALPRO-1-100050,EUR/USD.IDEALPRO-MovingAverageCrossover-MA_CROSS,SELL,MARKET,0.01,1.09629,USD,0.00 USD,TAKER,cf3b0403-b982-46e8-b83b-391ee55a85f0,2025-04-10 02:15:00+00:00,2025-04-10 02:15:00+00:00,{},False
BACKTESTER-001,MovingAverageCrossover-MA_CROSS,EUR/USD.IDEALPRO,IDEALPRO-1-082,IDEALPRO-001,IDEALPRO-1-100051,EUR/USD.IDEALPRO-MovingAverageCrossover-MA_CROSS,SELL,MARKET,99999.99,1.09628,USD,2.19 USD,TAKER,fd65281f-40c0-4e0d-bb7d-1c8bab4c1a5e,2025-04-10 02:15:00+00:00,2025-04-10 02:15:00+00:00,{},False
BACKTESTER-001,MovingAverageCrossover-MA_CROSS,EUR/USD.IDEALPRO,IDEALPRO-1-083,IDEALPRO-001,IDEALPRO-1-100370,EUR/USD.IDEALPRO-MovingAverageCrossover-MA_CROSS,BUY,STOP_MARKET,0.01,1.09979,USD,0.00 USD,TAKER,d988a702-867e-4b19-85a1-5e4686279c6f,2025-04-10 07:33:00+00:00,2025-04-10 07:33:00+00:00,{},False
BACKTESTER-001,MovingAverageCrossover-MA_CROSS,EUR/USD.IDEALPRO,IDEALPRO-1-083,IDEALPRO-001,IDEALPRO-1-100371,EUR/USD.IDEALPRO-MovingAverageCrossover-MA_CROSS,BUY,STOP_MARKET,99999.99,1.09980,USD,2.20 USD,TAKER,3a27d3b8-26c1-4d31-b165-696d3f200c73,2025-04-10 07:33:00+00:00,2025-04-10 07:33:00+00:00,{},False
BACKTESTER-001,MovingAverageCrossover-MA_CROSS,EUR/USD.IDEALPRO,IDEALPRO-1-085,IDEALPRO-001,IDEALPRO-1-100399,EUR/USD.IDEALPRO-MovingAverageCrossover-MA_CROSS,BUY,MARKET,0.01,1.10265,USD,0.00 USD,TAKER,0fed08ad-1a56-484e-b88d-0eab5b7f1bd0,2025-04-10 08:00:00+00:00,2025-04-10 08:00:00+00:00,{},False
BACKTESTER-001,MovingAverageCrossover-MA_CROSS,EUR/USD.IDEALPRO,IDEALPRO-1-085,IDEALPRO-001,IDEALPRO-1-100400,EUR/USD.IDEALPRO-MovingAverageCrossover-MA_CROSS,BUY,MARKET,99999.99,1.10266,USD,2.21 USD,TAKER,3e1e37b1-1f36-4f1a-88f5-0ac46322122c,2025-04-10 08:00:00+00:00,2025-04-10 08:00:00+00:00,{},False
BACKTESTER-001,MovingAverageCrossover-MA_CROSS,EUR/USD.IDEALPRO,IDEALPRO-1-087,IDEALPRO-001,IDEALPRO-1-100559,EUR/USD.IDEALPRO-MovingAverageCrossover-MA_CROSS,SELL,LIMIT,0.01,1.10765,USD,0.00 USD,MAKER,0d48e2a2-efad-488b-a218-245f4b30ebf8,2025-04-10 10:38:00+00:00,2025-04-10 10:38:00+00:00,{},False
BACKTESTER-001,MovingAverageCrossover-MA_CROSS,EUR/USD.IDEALPRO,IDEALPRO-1-087,IDEALPRO-001,IDEALPRO-1-100560,EUR/USD.IDEALPRO-MovingAverageCrossover-MA_CROSS,SELL,LIMIT,99999.99,1.10765,USD,2.22 USD,MAKER,fcdcd010-22b3-4c00-bae6-1593a5a12f4a,2025-04-10 10:38:00+00:00,2025-04-10 10:38:00+00:00,{},False
BACKTESTER-001,MovingAverageCrossover-MA_CROSS,EUR/USD.IDEALPRO,IDEALPRO-1-088,IDEALPRO-001,IDEALPRO-1-105113,EUR/USD.IDEALPRO-MovingAverageCrossover-MA_CROSS,SELL,MARKET,0.01,1.13167,USD,0.00 USD,TAKER,9a8b78b6-ed39-4668-afa9-1cc5b74775c0,2025-04-15 15:15:00+00:00,2025-04-15 15:15:00+00:00,{},False
BACKTESTER-001,MovingAverageCrossover-MA_CROSS,EUR/USD.IDEALPRO,IDEALPRO-1-088,IDEALPRO-001,IDEALPRO-1-105114,EUR/USD.IDEALPRO-MovingAverageCrossover-MA_CROSS,SELL,MARKET,99999.99,1.13166,USD,2.26 USD,TAKER,51969ec7-16e4-418d-aedb-9db2712982ec,2025-04-15 15:15:00+00:00,2025-04-15 15:15:00+00:00,{},False
BACKTESTER-001,MovingAverageCrossover-MA_CROSS,EUR/USD.IDEALPRO,IDEALPRO-1-090,IDEALPRO-001,IDEALPRO-1-105201,EUR/USD.IDEALPRO-MovingAverageCrossover-MA_CROSS,BUY,LIMIT,0.01,1.12667,USD,0.00 USD,MAKER,a35309d1-5d9b-4a2d-b008-42c6fc2aa53e,2025-04-15 16:41:00+00:00,2025-04-15 16:41:00+00:00,{},False
BACKTESTER-001,MovingAverageCrossover-MA_CROSS,EUR/USD.IDEALPRO,IDEALPRO-1-090,IDEALPRO-001,IDEALPRO-1-105202,EUR/USD.IDEALPRO-MovingAverageCrossover-MA_CROSS,BUY,LIMIT,99999.99,1.12667,USD,2.25 USD,MAKER,398b5dc5-6051-481c-bbb3-41267cb929f3,2025-04-15 16:41:00+00:00,2025-04-15 16:41:00+00:00,{},False
BACKTESTER-001,MovingAverageCrossover-MA_CROSS,EUR/USD.IDEALPRO,IDEALPRO-1-091,IDEALPRO-001,IDEALPRO-1-106197,EUR/USD.IDEALPRO-MovingAverageCrossover-MA_CROSS,BUY,MARKET,0.01,1.13671,USD,0.00 USD,TAKER,cbed230a-1927-4631-9de1-a1d1a1970d3e,2025-04-16 09:30:00+00:00,2025-04-16 09:30:00+00:00,{},False
BACKTESTER-001,MovingAverageCrossover-MA_CROSS,EUR/USD.IDEALPRO,IDEALPRO-1-091,IDEALPRO-001,IDEALPRO-1-106198,EUR/USD.IDEALPRO-MovingAverageCrossover-MA_CROSS,BUY,MARKET,99999.99,1.13672,USD,2.27 USD,TAKER,b0829acb-d21b-45d4-8755-f07503b58f96,2025-04-16 09:30:00+00:00,2025-04-16 09:30:00+00:00,{},False
BACKTESTER-001,MovingAverageCrossover-MA_CROSS,EUR/USD.IDEALPRO,IDEALPRO-1-093,IDEALPRO-001,IDEALPRO-1-109740,EUR/USD.IDEALPRO-MovingAverageCrossover-MA_CROSS,SELL,LIMIT,0.01,1.14171,USD,0.00 USD,MAKER,6bd6d73f-f8e1-462f-8a9c-d46fe44c790b,2025-04-21 00:01:00+00:00,2025-04-21 00:01:00+00:00,{},False
BACKTESTER-001,MovingAverageCrossover-MA_CROSS,EUR/USD.IDEALPRO,IDEALPRO-1-093,IDEALPRO-001,IDEALPRO-1-109741,EUR/USD.IDEALPRO-MovingAverageCrossover-MA_CROSS,SELL,LIMIT,99999.99,1.14171,USD,2.28 USD,MAKER,217e999e-1b0e-464f-b249-0afc64e239f3,2025-04-21 00:01:00+00:00,2025-04-21 00:01:00+00:00,{},False
BACKTESTER-001,MovingAverageCrossover-MA_CROSS,EUR/USD.IDEALPRO,IDEALPRO-1-094,IDEALPRO-001,IDEALPRO-1-112411,EUR/USD.IDEALPRO-MovingAverageCrossover-MA_CROSS,SELL,MARKET,0.01,1.14184,USD,0.00 USD,TAKER,c96a0479-25e5-4b3f-8d65-cb51332c0504,2025-04-22 20:45:00+00:00,2025-04-22 20:45:00+00:00,{},False
BACKTESTER-001,MovingAverageCrossover-MA_CROSS,EUR/USD.IDEALPRO,IDEALPRO-1-094,IDEALPRO-001,IDEALPRO-1-112412,EUR/USD.IDEALPRO-MovingAverageCrossover-MA_CROSS,SELL,MARKET,99999.99,1.14183,USD,2.28 USD,TAKER,2743410b-84a4-4e8e-b8c5-e0e48a94502a,2025-04-22 20:45:00+00:00,2025-04-22 20:45:00+00:00,{},False
BACKTESTER-001,MovingAverageCrossover-MA_CROSS,EUR/USD.IDEALPRO,IDEALPRO-1-096,IDEALPRO-001,IDEALPRO-1-112470,EUR/USD.IDEALPRO-MovingAverageCrossover-MA_CROSS,BUY,LIMIT,0.01,1.13684,USD,0.00 USD,MAKER,66daa0bb-328a-4532-8c3a-84ad5c27bed1,2025-04-22 21:57:00+00:00,2025-04-22 21:57:00+00:00,{},False
BACKTESTER-001,MovingAverageCrossover-MA_CROSS,EUR/USD.IDEALPRO,IDEALPRO-1-096,IDEALPRO-001,IDEALPRO-1-112471,EUR/USD.IDEALPRO-MovingAverageCrossover-MA_CROSS,BUY,LIMIT,99999.99,1.13684,USD,2.27 USD,MAKER,c226c8ab-bd59-443e-b07f-d217cc7d7c79,2025-04-22 21:57:00+00:00,2025-04-22 21:57:00+00:00,{},False
BACKTESTER-001,MovingAverageCrossover-MA_CROSS,EUR/USD.IDEALPRO,IDEALPRO-1-097,IDEALPRO-001,IDEALPRO-1-116885,EUR/USD.IDEALPRO-MovingAverageCrossover-MA_CROSS,BUY,MARKET,0.01,1.13576,USD,0.00 USD,TAKER,d7998b14-ec21-4b6f-8269-0b9c85e16d23,2025-04-28 00:15:00+00:00,2025-04-28 00:15:00+00:00,{},False
BACKTESTER-001,MovingAverageCrossover-MA_CROSS,EUR/USD.IDEALPRO,IDEALPRO-1-097,IDEALPRO-001,IDEALPRO-1-116886,EUR/USD.IDEALPRO-MovingAverageCrossover-MA_CROSS,BUY,MARKET,99999.99,1.13577,USD,2.27 USD,TAKER,33c229a0-40ec-47b7-8b13-ce57d29b1b47,2025-04-28 00:15:00+00:00,2025-04-28 00:15:00+00:00,{},False
BACKTESTER-001,MovingAverageCrossover-MA_CROSS,EUR/USD.IDEALPRO,IDEALPRO-1-100,IDEALPRO-001,IDEALPRO-1-117247,EUR/USD.IDEALPRO-MovingAverageCrossover-MA_CROSS,SELL,MARKET,0.01,1.13685,USD,0.00 USD,TAKER,2463acf7-a164-463d-8a10-e6dc408ced56,2025-04-28 06:15:00+00:00,2025-04-28 06:15:00+00:00,{},False
BACKTESTER-001,MovingAverageCrossover-MA_CROSS,EUR/USD.IDEALPRO,IDEALPRO-1-100,IDEALPRO-001,IDEALPRO-1-117248,EUR/USD.IDEALPRO-MovingAverageCrossover-MA_CROSS,SELL,MARKET,99999.99,1.13684,USD,2.27 USD,TAKER,a7e8f9c7-8f9d-4b74-8ca1-88eb93328741,2025-04-28 06:15:00+00:00,2025-04-28 06:15:00+00:00,{},False
BACKTESTER-001,MovingAverageCrossover-MA_CROSS,EUR/USD.IDEALPRO,IDEALPRO-1-101,IDEALPRO-001,IDEALPRO-1-117894,EUR/USD.IDEALPRO-MovingAverageCrossover-MA_CROSS,BUY,MARKET,0.01,1.14116,USD,0.00 USD,TAKER,c2c22b7b-8250-43ee-a402-94ff1c3d5e96,2025-04-28 17:00:00+00:00,2025-04-28 17:00:00+00:00,{},False
BACKTESTER-001,MovingAverageCrossover-MA_CROSS,EUR/USD.IDEALPRO,IDEALPRO-1-101,IDEALPRO-001,IDEALPRO-1-117895,EUR/USD.IDEALPRO-MovingAverageCrossover-MA_CROSS,BUY,MARKET,99999.99,1.14117,USD,2.28 USD,TAKER,fea4d6fa-20f9-42b8-9794-b3b63cd41349,2025-04-28 17:00:00+00:00,2025-04-28 17:00:00+00:00,{},False
BACKTESTER-001,MovingAverageCrossover-MA_CROSS,EUR/USD.IDEALPRO,IDEALPRO-1-102,IDEALPRO-001,IDEALPRO-1-118589,EUR/USD.IDEALPRO-MovingAverageCrossover-MA_CROSS,SELL,STOP_MARKET,0.01,1.13766,USD,0.00 USD,TAKER,e6dae0c2-6c88-4375-b97a-09e475c102e1,2025-04-29 04:48:00+00:00,2025-04-29 04:48:00+00:00,{},False
BACKTESTER-001,MovingAverageCrossover-MA_CROSS,EUR/USD.IDEALPRO,IDEALPRO-1-102,IDEALPRO-001,IDEALPRO-1-118590,EUR/USD.IDEALPRO-MovingAverageCrossover-MA_CROSS,SELL,STOP_MARKET,99999.99,1.13765,USD,2.28 USD,TAKER,6032bfae-04dd-43da-aced-f48fdd5993f3,2025-04-29 04:48:00+00:00,2025-04-29 04:48:00+00:00,{},False
BACKTESTER-001,MovingAverageCrossover-MA_CROSS,EUR/USD.IDEALPRO,IDEALPRO-1-104,IDEALPRO-001,IDEALPRO-1-120253,EUR/USD.IDEALPRO-MovingAverageCrossover-MA_CROSS,SELL,MARKET,0.01,1.13644,USD,0.00 USD,TAKER,718822dc-1677-417c-bb29-555c260ae54c,2025-04-30 08:45:00+00:00,2025-04-30 08:45:00+00:00,{},False
BACKTESTER-001,MovingAverageCrossover-MA_CROSS,EUR/USD.IDEALPRO,IDEALPRO-1-104,IDEALPRO-001,IDEALPRO-1-120254,EUR/USD.IDEALPRO-MovingAverageCrossover-MA_CROSS,SELL,MARKET,99999.99,1.13643,USD,2.27 USD,TAKER,f865e7f5-d88d-4ccc-8f0b-918a22b5017a,2025-04-30 08:45:00+00:00,2025-04-30 08:45:00+00:00,{},False
BACKTESTER-001,MovingAverageCrossover-MA_CROSS,EUR/USD.IDEALPRO,IDEALPRO-1-106,IDEALPRO-001,IDEALPRO-1-121223,EUR/USD.IDEALPRO-MovingAverageCrossover-MA_CROSS,BUY,LIMIT,0.01,1.13144,USD,0.00 USD,MAKER,5df60832-ab97-4564-b102-8e909c5f3103,2025-05-01 01:08:00+00:00,2025-05-01 01:08:00+00:00,{},False
BACKTESTER-001,MovingAverageCrossover-MA_CROSS,EUR/USD.IDEALPRO,IDEALPRO-1-106,IDEALPRO-001,IDEALPRO-1-121224,EUR/USD.IDEALPRO-MovingAverageCrossover-MA_CROSS,BUY,LIMIT,99999.99,1.13144,USD,2.26 USD,MAKER,e63aea98-13d0-4436-93db-f8bac08455b5,2025-05-01 01:08:00+00:00,2025-05-01 01:08:00+00:00,{},False
BACKTESTER-001,MovingAverageCrossover-MA_CROSS,EUR/USD.IDEALPRO,IDEALPRO-1-107,IDEALPRO-001,IDEALPRO-1-124502,EUR/USD.IDEALPRO-MovingAverageCrossover-MA_CROSS,BUY,MARKET,0.01,1.13255,USD,0.00 USD,TAKER,db097505-602c-41fe-922e-a49c6e89a138,2025-05-05 08:15:00+00:00,2025-05-05 08:15:00+00:00,{},False
BACKTESTER-001,MovingAverageCrossover-MA_CROSS,EUR/USD.IDEALPRO,IDEALPRO-1-107,IDEALPRO-001,IDEALPRO-1-124503,EUR/USD.IDEALPRO-MovingAverageCrossover-MA_CROSS,BUY,MARKET,99999.99,1.13256,USD,2.27 USD,TAKER,e0d2e757-9a6a-4323-892e-bdd91e72fb7b,2025-05-05 08:15:00+00:00,2025-05-05 08:15:00+00:00,{},False
BACKTESTER-001,MovingAverageCrossover-MA_CROSS,EUR/USD.IDEALPRO,IDEALPRO-1-108,IDEALPRO-001,IDEALPRO-1-125454,EUR/USD.IDEALPRO-MovingAverageCrossover-MA_CROSS,SELL,STOP_MARKET,0.01,1.12905,USD,0.00 USD,TAKER,dd528a18-114c-4be1-9ef2-709de3390fe3,2025-05-06 00:20:00+00:00,2025-05-06 00:20:00+00:00,{},False
BACKTESTER-001,MovingAverageCrossover-MA_CROSS,EUR/USD.IDEALPRO,IDEALPRO-1-108,IDEALPRO-001,IDEALPRO-1-125455,EUR/USD.IDEALPRO-MovingAverageCrossover-MA_CROSS,SELL,STOP_MARKET,99999.99,1.12904,USD,2.26 USD,TAKER,d94b3d9a-327d-44ac-b4fa-37b1b00d6e16,2025-05-06 00:20:00+00:00,2025-05-06 00:20:00+00:00,{},False
BACKTESTER-001,MovingAverageCrossover-MA_CROSS,EUR/USD.IDEALPRO,IDEALPRO-1-110,IDEALPRO-001,IDEALPRO-1-125496,EUR/USD.IDEALPRO-MovingAverageCrossover-MA_CROSS,SELL,MARKET,0.01,1.12861,USD,0.00 USD,TAKER,c4679788-e151-46e9-9d3d-edf27d7118f4,2025-05-06 01:00:00+00:00,2025-05-06 01:00:00+00:00,{},False
BACKTESTER-001,MovingAverageCrossover-MA_CROSS,EUR/USD.IDEALPRO,IDEALPRO-1-110,IDEALPRO-001,IDEALPRO-1-125497,EUR/USD.IDEALPRO-MovingAverageCrossover-MA_CROSS,SELL,MARKET,99999.99,1.12860,USD,2.26 USD,TAKER,25dad2da-a4f7-46bc-9e9e-a15d39f69ac7,2025-05-06 01:00:00+00:00,2025-05-06 01:00:00+00:00,{},False
BACKTESTER-001,MovingAverageCrossover-MA_CROSS,EUR/USD.IDEALPRO,IDEALPRO-1-111,IDEALPRO-001,IDEALPRO-1-125694,EUR/USD.IDEALPRO-MovingAverageCrossover-MA_CROSS,BUY,STOP_MARKET,0.01,1.13211,USD,0.00 USD,TAKER,4779329d-3ca8-435d-a5ab-ea7d2a3037c1,2025-05-06 04:16:00+00:00,2025-05-06 04:16:00+00:00,{},False
BACKTESTER-001,MovingAverageCrossover-MA_CROSS,EUR/USD.IDEALPRO,IDEALPRO-1-111,IDEALPRO-001,IDEALPRO-1-125695,EUR/USD.IDEALPRO-MovingAverageCrossover-MA_CROSS,BUY,STOP_MARKET,99999.99,1.13212,USD,2.26 USD,TAKER,030f77de-8778-4e64-a0e7-b5c8139e67c5,2025-05-06 04:16:00+00:00,2025-05-06 04:16:00+00:00,{},False
BACKTESTER-001,MovingAverageCrossover-MA_CROSS,EUR/USD.IDEALPRO,IDEALPRO-1-113,IDEALPRO-001,IDEALPRO-1-126115,EUR/USD.IDEALPRO-MovingAverageCrossover-MA_CROSS,BUY,MARKET,0.01,1.13267,USD,0.00 USD,TAKER,00980528-5e1e-42f0-9d9c-053128c5f5db,2025-05-06 11:15:00+00:00,2025-05-06 11:15:00+00:00,{},False
BACKTESTER-001,MovingAverageCrossover-MA_CROSS,EUR/USD.IDEALPRO,IDEALPRO-1-113,IDEALPRO-001,IDEALPRO-1-126116,EUR/USD.IDEALPRO-MovingAverageCrossover-MA_CROSS,BUY,MARKET,99999.99,1.13268,USD,2.27 USD,TAKER,872a8b6c-cc8c-4fbe-a690-3b6984f7226a,2025-05-06 11:15:00+00:00,2025-05-06 11:15:00+00:00,{},False
BACKTESTER-001,MovingAverageCrossover-MA_CROSS,EUR/USD.IDEALPRO,IDEALPRO-1-115,IDEALPRO-001,IDEALPRO-1-126611,EUR/USD.IDEALPRO-MovingAverageCrossover-MA_CROSS,SELL,LIMIT,0.01,1.13767,USD,0.00 USD,MAKER,5e324ef6-1fed-4890-9163-f525dc989ded,2025-05-06 19:29:00+00:00,2025-05-06 19:29:00+00:00,{},False
BACKTESTER-001,MovingAverageCrossover-MA_CROSS,EUR/USD.IDEALPRO,IDEALPRO-1-115,IDEALPRO-001,IDEALPRO-1-126612,EUR/USD.IDEALPRO-MovingAverageCrossover-MA_CROSS,SELL,LIMIT,99999.99,1.13767,USD,2.28 USD,MAKER,74f3d78f-2482-44bf-9c0b-0295289d2f82,2025-05-06 19:29:00+00:00,2025-05-06 19:29:00+00:00,{},False
BACKTESTER-001,MovingAverageCrossover-MA_CROSS,EUR/USD.IDEALPRO,IDEALPRO-1-116,IDEALPRO-001,IDEALPRO-1-128234,EUR/USD.IDEALPRO-MovingAverageCrossover-MA_CROSS,SELL,MARKET,0.01,1.13013,USD,0.00 USD,TAKER,7de37fc8-e4b4-4764-b61a-90dbe70d864f,2025-05-07 23:00:00+00:00,2025-05-07 23:00:00+00:00,{},False
BACKTESTER-001,MovingAverageCrossover-MA_CROSS,EUR/USD.IDEALPRO,IDEALPRO-1-116,IDEALPRO-001,IDEALPRO-1-128235,EUR/USD.IDEALPRO-MovingAverageCrossover-MA_CROSS,SELL,MARKET,99999.99,1.13012,USD,2.26 USD,TAKER,f6f30f25-d1af-4fd6-85bf-e1ec284e1994,2025-05-07 23:00:00+00:00,2025-05-07 23:00:00+00:00,{},False
BACKTESTER-001,MovingAverageCrossover-MA_CROSS,EUR/USD.IDEALPRO,IDEALPRO-1-117,IDEALPRO-001,IDEALPRO-1-128489,EUR/USD.IDEALPRO-MovingAverageCrossover-MA_CROSS,BUY,STOP_MARKET,0.01,1.13363,USD,0.00 USD,TAKER,cdfd3d69-edef-4d7c-8288-8a51ff24328d,2025-05-08 03:13:00+00:00,2025-05-08 03:13:00+00:00,{},False
BACKTESTER-001,MovingAverageCrossover-MA_CROSS,EUR/USD.IDEALPRO,IDEALPRO-1-117,IDEALPRO-001,IDEALPRO-1-128490,EUR/USD.IDEALPRO-MovingAverageCrossover-MA_CROSS,BUY,STOP_MARKET,99999.99,1.13364,USD,2.27 USD,TAKER,dea2e10f-6594-4fda-973b-33cda494fef1,2025-05-08 03:13:00+00:00,2025-05-08 03:13:00+00:00,{},False
BACKTESTER-001,MovingAverageCrossover-MA_CROSS,EUR/USD.IDEALPRO,IDEALPRO-1-119,IDEALPRO-001,IDEALPRO-1-134013,EUR/USD.IDEALPRO-MovingAverageCrossover-MA_CROSS,BUY,MARKET,0.01,1.11864,USD,0.00 USD,TAKER,2282dbd4-83f4-49a1-b0a7-1c1ee69315dd,2025-05-14 00:15:00+00:00,2025-05-14 00:15:00+00:00,{},False
BACKTESTER-001,MovingAverageCrossover-MA_CROSS,EUR/USD.IDEALPRO,IDEALPRO-1-119,IDEALPRO-001,IDEALPRO-1-134014,EUR/USD.IDEALPRO-MovingAverageCrossover-MA_CROSS,BUY,MARKET,99999.99,1.11865,USD,2.24 USD,TAKER,dedad315-9cc1-4056-92db-2a0f66f58eda,2025-05-14 00:15:00+00:00,2025-05-14 00:15:00+00:00,{},False
BACKTESTER-001,MovingAverageCrossover-MA_CROSS,EUR/USD.IDEALPRO,IDEALPRO-1-121,IDEALPRO-001,IDEALPRO-1-134488,EUR/USD.IDEALPRO-MovingAverageCrossover-MA_CROSS,SELL,LIMIT,0.01,1.12364,USD,0.00 USD,MAKER,25596fc9-f296-4ce6-8301-6ed9c30af5c1,2025-05-14 08:08:00+00:00,2025-05-14 08:08:00+00:00,{},False
BACKTESTER-001,MovingAverageCrossover-MA_CROSS,EUR/USD.IDEALPRO,IDEALPRO-1-121,IDEALPRO-001,IDEALPRO-1-134489,EUR/USD.IDEALPRO-MovingAverageCrossover-MA_CROSS,SELL,LIMIT,99999.99,1.12364,USD,2.25 USD,MAKER,a679ab86-7264-483b-b219-1f988692c6c2,2025-05-14 08:08:00+00:00,2025-05-14 08:08:00+00:00,{},False
BACKTESTER-001,MovingAverageCrossover-MA_CROSS,EUR/USD.IDEALPRO,IDEALPRO-1-122,IDEALPRO-001,IDEALPRO-1-137812,EUR/USD.IDEALPRO-MovingAverageCrossover-MA_CROSS,SELL,MARKET,0.01,1.11403,USD,0.00 USD,TAKER,5d7879fe-f013-428a-bf2c-ffb22a1a12a0,2025-05-16 16:00:00+00:00,2025-05-16 16:00:00+00:00,{},False
BACKTESTER-001,MovingAverageCrossover-MA_CROSS,EUR/USD.IDEALPRO,IDEALPRO-1-122,IDEALPRO-001,IDEALPRO-1-137813,EUR/USD.IDEALPRO-MovingAverageCrossover-MA_CROSS,SELL,MARKET,99999.99,1.11402,USD,2.23 USD,TAKER,ef8c8e6c-a7d2-4f15-a8e7-ebeb8de47fc5,2025-05-16 16:00:00+00:00,2025-05-16 16:00:00+00:00,{},False
BACKTESTER-001,MovingAverageCrossover-MA_CROSS,EUR/USD.IDEALPRO,IDEALPRO-1-123,IDEALPRO-001,IDEALPRO-1-138115,EUR/USD.IDEALPRO-MovingAverageCrossover-MA_CROSS,BUY,STOP_MARKET,0.01,1.11753,USD,0.00 USD,TAKER,34b17e09-be57-4df1-af7a-dc3642f475d7,2025-05-18 21:16:00+00:00,2025-05-18 21:16:00+00:00,{},False
BACKTESTER-001,MovingAverageCrossover-MA_CROSS,EUR/USD.IDEALPRO,IDEALPRO-1-123,IDEALPRO-001,IDEALPRO-1-138116,EUR/USD.IDEALPRO-MovingAverageCrossover-MA_CROSS,BUY,STOP_MARKET,99999.99,1.11754,USD,2.24 USD,TAKER,5dbde6bc-c809-41ed-a828-a65111cba960,2025-05-18 21:16:00+00:00,2025-05-18 21:16:00+00:00,{},False
BACKTESTER-001,MovingAverageCrossover-MA_CROSS,EUR/USD.IDEALPRO,IDEALPRO-1-125,IDEALPRO-001,IDEALPRO-1-138776,EUR/USD.IDEALPRO-MovingAverageCrossover-MA_CROSS,BUY,MARKET,0.01,1.12483,USD,0.00 USD,TAKER,74de0538-79ce-48f0-b204-ad73e4d77165,2025-05-19 08:15:00+00:00,2025-05-19 08:15:00+00:00,{},False
BACKTESTER-001,MovingAverageCrossover-MA_CROSS,EUR/USD.IDEALPRO,IDEALPRO-1-125,IDEALPRO-001,IDEALPRO-1-138777,EUR/USD.IDEALPRO-MovingAverageCrossover-MA_CROSS,BUY,MARKET,99999.99,1.12484,USD,2.25 USD,TAKER,0b44f09d-c2d7-486b-993e-7c6267780dc4,2025-05-19 08:15:00+00:00,2025-05-19 08:15:00+00:00,{},False
BACKTESTER-001,MovingAverageCrossover-MA_CROSS,EUR/USD.IDEALPRO,IDEALPRO-1-127,IDEALPRO-001,IDEALPRO-1-141161,EUR/USD.IDEALPRO-MovingAverageCrossover-MA_CROSS,SELL,LIMIT,0.01,1.12983,USD,0.00 USD,MAKER,77d4dd30-cec0-49ee-8c28-03273a3561c5,2025-05-21 00:28:00+00:00,2025-05-21 00:28:00+00:00,{},False
BACKTESTER-001,MovingAverageCrossover-MA_CROSS,EUR/USD.IDEALPRO,IDEALPRO-1-127,IDEALPRO-001,IDEALPRO-1-141165,EUR/USD.IDEALPRO-MovingAverageCrossover-MA_CROSS,SELL,LIMIT,0.01,1.12983,USD,0.00 USD,MAKER,b7553e36-8447-43f4-b0f4-1bb4d9040487,2025-05-21 00:31:00+00:00,2025-05-21 00:31:00+00:00,{},False
BACKTESTER-001,MovingAverageCrossover-MA_CROSS,EUR/USD.IDEALPRO,IDEALPRO-1-127,IDEALPRO-001,IDEALPRO-1-141166,EUR/USD.IDEALPRO-MovingAverageCrossover-MA_CROSS,SELL,LIMIT,99999.98,1.12983,USD,2.26 USD,MAKER,6ba08e2b-08df-4cc9-a039-4b3e0e3d7e2b,2025-05-21 00:31:00+00:00,2025-05-21 00:31:00+00:00,{},False
BACKTESTER-001,MovingAverageCrossover-MA_CROSS,EUR/USD.IDEALPRO,IDEALPRO-1-128,IDEALPRO-001,IDEALPRO-1-143821,EUR/USD.IDEALPRO-MovingAverageCrossover-MA_CROSS,SELL,MARKET,0.01,1.12806,USD,0.00 USD,TAKER,54038f63-b02c-44f4-af87-1f409c278dce,2025-05-22 21:00:00+00:00,2025-05-22 21:00:00+00:00,{},False
BACKTESTER-001,MovingAverageCrossover-MA_CROSS,EUR/USD.IDEALPRO,IDEALPRO-1-128,IDEALPRO-001,IDEALPRO-1-143822,EUR/USD.IDEALPRO-MovingAverageCrossover-MA_CROSS,SELL,MARKET,99999.99,1.12805,USD,2.26 USD,TAKER,b3ac62fd-4d73-4fff-bc48-340882ec9f8d,2025-05-22 21:00:00+00:00,2025-05-22 21:00:00+00:00,{},False
BACKTESTER-001,MovingAverageCrossover-MA_CROSS,EUR/USD.IDEALPRO,IDEALPRO-1-129,IDEALPRO-001,IDEALPRO-1-144099,EUR/USD.IDEALPRO-MovingAverageCrossover-MA_CROSS,BUY,STOP_MARKET,0.01,1.13156,USD,0.00 USD,TAKER,a9047d47-2f08-453c-89ac-bbbbb1ff3092,2025-05-23 01:51:00+00:00,2025-05-23 01:51:00+00:00,{},False
BACKTESTER-001,MovingAverageCrossover-MA_CROSS,EUR/USD.IDEALPRO,IDEALPRO-1-129,IDEALPRO-001,IDEALPRO-1-144100,EUR/USD.IDEALPRO-MovingAverageCrossover-MA_CROSS,BUY,STOP_MARKET,99999.99,1.13157,USD,2.26 USD,TAKER,45266c34-32a8-4a63-bb38-403640265bad,2025-05-23 01:51:00+00:00,2025-05-23 01:51:00+00:00,{},False
BACKTESTER-001,MovingAverageCrossover-MA_CROSS,EUR/USD.IDEALPRO,IDEALPRO-1-131,IDEALPRO-001,IDEALPRO-1-144485,EUR/USD.IDEALPRO-MovingAverageCrossover-MA_CROSS,BUY,MARKET,0.01,1.13441,USD,0.00 USD,TAKER,18117c93-8030-4033-952f-ae9500ce22b9,2025-05-23 08:15:00+00:00,2025-05-23 08:15:00+00:00,{},False
BACKTESTER-001,MovingAverageCrossover-MA_CROSS,EUR/USD.IDEALPRO,IDEALPRO-1-131,IDEALPRO-001,IDEALPRO-1-144486,EUR/USD.IDEALPRO-MovingAverageCrossover-MA_CROSS,BUY,MARKET,99999.99,1.13442,USD,2.27 USD,TAKER,280ba7e6-254f-4302-a281-ae43758f1431,2025-05-23 08:15:00+00:00,2025-05-23 08:15:00+00:00,{},False
BACKTESTER-001,MovingAverageCrossover-MA_CROSS,EUR/USD.IDEALPRO,IDEALPRO-1-132,IDEALPRO-001,IDEALPRO-1-144705,EUR/USD.IDEALPRO-MovingAverageCrossover-MA_CROSS,SELL,STOP_MARKET,0.01,1.13091,USD,0.00 USD,TAKER,538726ba-28b3-4cad-b358-3104a1ae7bf0,2025-05-23 11:53:00+00:00,2025-05-23 11:53:00+00:00,{},False
BACKTESTER-001,MovingAverageCrossover-MA_CROSS,EUR/USD.IDEALPRO,IDEALPRO-1-132,IDEALPRO-001,IDEALPRO-1-144706,EUR/USD.IDEALPRO-MovingAverageCrossover-MA_CROSS,SELL,STOP_MARKET,99999.99,1.13090,USD,2.26 USD,TAKER,d82fa0d6-ddea-48fa-954b-0b997573725e,2025-05-23 11:53:00+00:00,2025-05-23 11:53:00+00:00,{},False
BACKTESTER-001,MovingAverageCrossover-MA_CROSS,EUR/USD.IDEALPRO,IDEALPRO-1-134,IDEALPRO-001,IDEALPRO-1-147744,EUR/USD.IDEALPRO-MovingAverageCrossover-MA_CROSS,SELL,MARKET,0.01,1.13411,USD,0.00 USD,TAKER,1170be00-e488-4def-9f3c-c3144fae1944,2025-05-27 15:00:00+00:00,2025-05-27 15:00:00+00:00,{},False
BACKTESTER-001,MovingAverageCrossover-MA_CROSS,EUR/USD.IDEALPRO,IDEALPRO-1-134,IDEALPRO-001,IDEALPRO-1-147745,EUR/USD.IDEALPRO-MovingAverageCrossover-MA_CROSS,SELL,MARKET,99999.99,1.13410,USD,2.27 USD,TAKER,448605ea-ffe2-4423-8d58-5512317ec58e,2025-05-27 15:00:00+00:00,2025-05-27 15:00:00+00:00,{},False
BACKTESTER-001,MovingAverageCrossover-MA_CROSS,EUR/USD.IDEALPRO,IDEALPRO-1-136,IDEALPRO-001,IDEALPRO-1-149189,EUR/USD.IDEALPRO-MovingAverageCrossover-MA_CROSS,BUY,LIMIT,0.01,1.12911,USD,0.00 USD,MAKER,e6fcd59a-ff10-4da9-86a8-14facbd4955b,2025-05-28 15:18:00+00:00,2025-05-28 15:18:00+00:00,{},False
BACKTESTER-001,MovingAverageCrossover-MA_CROSS,EUR/USD.IDEALPRO,IDEALPRO-1-136,IDEALPRO-001,IDEALPRO-1-149190,EUR/USD.IDEALPRO-MovingAverageCrossover-MA_CROSS,BUY,LIMIT,99999.99,1.12911,USD,2.26 USD,MAKER,12a76537-9d75-4c5b-970f-1e650b79611d,2025-05-28 15:18:00+00:00,2025-05-28 15:18:00+00:00,{},False
BACKTESTER-001,MovingAverageCrossover-MA_CROSS,EUR/USD.IDEALPRO,IDEALPRO-1-137,IDEALPRO-001,IDEALPRO-1-150793,EUR/USD.IDEALPRO-MovingAverageCrossover-MA_CROSS,BUY,MARKET,0.01,1.13827,USD,0.00 USD,TAKER,bfd995ef-b6af-495d-aa74-11b1df766cb7,2025-05-29 18:15:00+00:00,2025-05-29 18:15:00+00:00,{},False
BACKTESTER-001,MovingAverageCrossover-MA_CROSS,EUR/USD.IDEALPRO,IDEALPRO-1-137,IDEALPRO-001,IDEALPRO-1-150794,EUR/USD.IDEALPRO-MovingAverageCrossover-MA_CROSS,BUY,MARKET,99999.99,1.13828,USD,2.28 USD,TAKER,957130da-fd45-4dfd-9a57-eeb624f596ae,2025-05-29 18:15:00+00:00,2025-05-29 18:15:00+00:00,{},False
BACKTESTER-001,MovingAverageCrossover-MA_CROSS,EUR/USD.IDEALPRO,IDEALPRO-1-138,IDEALPRO-001,IDEALPRO-1-151351,EUR/USD.IDEALPRO-MovingAverageCrossover-MA_CROSS,SELL,STOP_MARKET,0.01,1.13477,USD,0.00 USD,TAKER,885e6785-0d98-4032-9bdf-1c21f83640f4,2025-05-30 03:46:00+00:00,2025-05-30 03:46:00+00:00,{},False
BACKTESTER-001,MovingAverageCrossover-MA_CROSS,EUR/USD.IDEALPRO,IDEALPRO-1-138,IDEALPRO-001,IDEALPRO-1-151352,EUR/USD.IDEALPRO-MovingAverageCrossover-MA_CROSS,SELL,STOP_MARKET,99999.99,1.13476,USD,2.27 USD,TAKER,e5f26d84-c63b-4dd8-ac50-559b5afa555a,2025-05-30 03:46:00+00:00,2025-05-30 03:46:00+00:00,{},False
BACKTESTER-001,MovingAverageCrossover-MA_CROSS,EUR/USD.IDEALPRO,IDEALPRO-1-140,IDEALPRO-001,IDEALPRO-1-155147,EUR/USD.IDEALPRO-MovingAverageCrossover-MA_CROSS,SELL,MARKET,0.01,1.13723,USD,0.00 USD,TAKER,42202511-39f8-4406-8800-6f7b57455ef0,2025-06-03 19:30:00+00:00,2025-06-03 19:30:00+00:00,{},False
BACKTESTER-001,MovingAverageCrossover-MA_CROSS,EUR/USD.IDEALPRO,IDEALPRO-1-140,IDEALPRO-001,IDEALPRO-1-155148,EUR/USD.IDEALPRO-MovingAverageCrossover-MA_CROSS,SELL,MARKET,99999.99,1.13722,USD,2.27 USD,TAKER,9ef079f5-a212-4a79-8d1d-a7bab803ce2a,2025-06-03 19:30:00+00:00,2025-06-03 19:30:00+00:00,{},False
BACKTESTER-001,MovingAverageCrossover-MA_CROSS,EUR/USD.IDEALPRO,IDEALPRO-1-141,IDEALPRO-001,IDEALPRO-1-156146,EUR/USD.IDEALPRO-MovingAverageCrossover-MA_CROSS,BUY,STOP_MARKET,0.01,1.14073,USD,0.00 USD,TAKER,abb7819b-67d4-4975-8866-0d4d04fecb16,2025-06-04 12:22:00+00:00,2025-06-04 12:22:00+00:00,{},False
BACKTESTER-001,MovingAverageCrossover-MA_CROSS,EUR/USD.IDEALPRO,IDEALPRO-1-141,IDEALPRO-001,IDEALPRO-1-156147,EUR/USD.IDEALPRO-MovingAverageCrossover-MA_CROSS,BUY,STOP_MARKET,99999.99,1.14074,USD,2.28 USD,TAKER,af98cf7b-84dc-48e2-a0c8-d8683b1888ee,2025-06-04 12:22:00+00:00,2025-06-04 12:22:00+00:00,{},False
BACKTESTER-001,MovingAverageCrossover-MA_CROSS,EUR/USD.IDEALPRO,IDEALPRO-1-143,IDEALPRO-001,IDEALPRO-1-156471,EUR/USD.IDEALPRO-MovingAverageCrossover-MA_CROSS,BUY,MARKET,0.01,1.14307,USD,0.00 USD,TAKER,d9eeb78b-336f-4a8e-aee4-6cb4a44540bd,2025-06-04 17:45:00+00:00,2025-06-04 17:45:00+00:00,{},False
BACKTESTER-001,MovingAverageCrossover-MA_CROSS,EUR/USD.IDEALPRO,IDEALPRO-1-143,IDEALPRO-001,IDEALPRO-1-156472,EUR/USD.IDEALPRO-MovingAverageCrossover-MA_CROSS,BUY,MARKET,99999.99,1.14308,USD,2.29 USD,TAKER,f6a7e33d-7fdf-481a-89c5-ccc384546fb8,2025-06-04 17:45:00+00:00,2025-06-04 17:45:00+00:00,{},False
BACKTESTER-001,MovingAverageCrossover-MA_CROSS,EUR/USD.IDEALPRO,IDEALPRO-1-145,IDEALPRO-001,IDEALPRO-1-157637,EUR/USD.IDEALPRO-MovingAverageCrossover-MA_CROSS,SELL,LIMIT,0.01,1.14807,USD,0.00 USD,MAKER,31baeefe-febb-4a6f-beb8-5c68eec558f3,2025-06-05 13:24:00+00:00,2025-06-05 13:24:00+00:00,{},False
BACKTESTER-001,MovingAverageCrossover-MA_CROSS,EUR/USD.IDEALPRO,IDEALPRO-1-145,IDEALPRO-001,IDEALPRO-1-157638,EUR/USD.IDEALPRO-MovingAverageCrossover-MA_CROSS,SELL,LIMIT,99999.99,1.14807,USD,2.30 USD,MAKER,59f3bd6d-1e52-42ed-8eed-617d3e5c0e71,2025-06-05 13:24:00+00:00,2025-06-05 13:24:00+00:00,{},False
BACKTESTER-001,MovingAverageCrossover-MA_CROSS,EUR/USD.IDEALPRO,IDEALPRO-1-146,IDEALPRO-001,IDEALPRO-1-159280,EUR/USD.IDEALPRO-MovingAverageCrossover-MA_CROSS,SELL,MARKET,0.01,1.13872,USD,0.00 USD,TAKER,38cab1a6-d957-4565-b38e-45ced18e1902,2025-06-06 17:00:00+00:00,2025-06-06 17:00:00+00:00,{},False
BACKTESTER-001,MovingAverageCrossover-MA_CROSS,EUR/USD.IDEALPRO,IDEALPRO-1-146,IDEALPRO-001,IDEALPRO-1-159281,EUR/USD.IDEALPRO-MovingAverageCrossover-MA_CROSS,SELL,MARKET,99999.99,1.13871,USD,2.28 USD,TAKER,f8b3f4df-a5f5-4805-b4f3-3597672e1a66,2025-06-06 17:00:00+00:00,2025-06-06 17:00:00+00:00,{},False
BACKTESTER-001,MovingAverageCrossover-MA_CROSS,EUR/USD.IDEALPRO,IDEALPRO-1-147,IDEALPRO-001,IDEALPRO-1-159817,EUR/USD.IDEALPRO-MovingAverageCrossover-MA_CROSS,BUY,STOP_MARKET,0.01,1.14222,USD,0.00 USD,TAKER,69baa30c-2d16-4b38-a4d2-9588d86ba1e6,2025-06-09 02:10:00+00:00,2025-06-09 02:10:00+00:00,{},False
BACKTESTER-001,MovingAverageCrossover-MA_CROSS,EUR/USD.IDEALPRO,IDEALPRO-1-147,IDEALPRO-001,IDEALPRO-1-159818,EUR/USD.IDEALPRO-MovingAverageCrossover-MA_CROSS,BUY,STOP_MARKET,99999.99,1.14223,USD,2.28 USD,TAKER,0b9357f3-b42f-407b-ac53-37a66b16b53c,2025-06-09 02:10:00+00:00,2025-06-09 02:10:00+00:00,{},False
BACKTESTER-001,MovingAverageCrossover-MA_CROSS,EUR/USD.IDEALPRO,IDEALPRO-1-149,IDEALPRO-001,IDEALPRO-1-162134,EUR/USD.IDEALPRO-MovingAverageCrossover-MA_CROSS,BUY,MARKET,0.01,1.14236,USD,0.00 USD,TAKER,e0a48389-2f27-47ea-aa37-a8f5c82c54c5,2025-06-10 17:00:00+00:00,2025-06-10 17:00:00+00:00,{},False
BACKTESTER-001,MovingAverageCrossover-MA_CROSS,EUR/USD.IDEALPRO,IDEALPRO-1-149,IDEALPRO-001,IDEALPRO-1-162135,EUR/USD.IDEALPRO-MovingAverageCrossover-MA_CROSS,BUY,MARKET,99999.99,1.14237,USD,2.28 USD,TAKER,ff284249-df11-44b8-96f1-3fa90c5ad51e,2025-06-10 17:00:00+00:00,2025-06-10 17:00:00+00:00,{},False
BACKTESTER-001,MovingAverageCrossover-MA_CROSS,EUR/USD.IDEALPRO,IDEALPRO-1-151,IDEALPRO-001,IDEALPRO-1-163293,EUR/USD.IDEALPRO-MovingAverageCrossover-MA_CROSS,SELL,LIMIT,0.01,1.14736,USD,0.00 USD,MAKER,2aa91675-6d61-475d-996b-936903b1fd40,2025-06-11 12:32:00+00:00,2025-06-11 12:32:00+00:00,{},False
BACKTESTER-001,MovingAverageCrossover-MA_CROSS,EUR/USD.IDEALPRO,IDEALPRO-1-151,IDEALPRO-001,IDEALPRO-1-163294,EUR/USD.IDEALPRO-MovingAverageCrossover-MA_CROSS,SELL,LIMIT,99999.99,1.14736,USD,2.29 USD,MAKER,638a3e15-fff1-4b91-8cb7-7a5dc1d6de89,2025-06-11 12:32:00+00:00,2025-06-11 12:32:00+00:00,{},False
BACKTESTER-001,MovingAverageCrossover-MA_CROSS,EUR/USD.IDEALPRO,IDEALPRO-1-152,IDEALPRO-001,IDEALPRO-1-168603,EUR/USD.IDEALPRO-MovingAverageCrossover-MA_CROSS,SELL,MARKET,0.01,1.15580,USD,0.00 USD,TAKER,177eb904-106e-4abb-9dc6-f2a0398b9817,2025-06-17 06:00:00+00:00,2025-06-17 06:00:00+00:00,{},False
BACKTESTER-001,MovingAverageCrossover-MA_CROSS,EUR/USD.IDEALPRO,IDEALPRO-1-152,IDEALPRO-001,IDEALPRO-1-168604,EUR/USD.IDEALPRO-MovingAverageCrossover-MA_CROSS,SELL,MARKET,99999.99,1.15579,USD,2.31 USD,TAKER,fa0b3ce0-dc73-4afb-aa78-8db0ebb12c77,2025-06-17 06:00:00+00:00,2025-06-17 06:00:00+00:00,{},False
BACKTESTER-001,MovingAverageCrossover-MA_CROSS,EUR/USD.IDEALPRO,IDEALPRO-1-155,IDEALPRO-001,IDEALPRO-1-168815,EUR/USD.IDEALPRO-MovingAverageCrossover-MA_CROSS,BUY,MARKET,0.01,1.15565,USD,0.00 USD,TAKER,5d3c7ca2-b290-4237-a74a-a09708beaab7,2025-06-17 09:30:00+00:00,2025-06-17 09:30:00+00:00,{},False
BACKTESTER-001,MovingAverageCrossover-MA_CROSS,EUR/USD.IDEALPRO,IDEALPRO-1-155,IDEALPRO-001,IDEALPRO-1-168816,EUR/USD.IDEALPRO-MovingAverageCrossover-MA_CROSS,BUY,MARKET,99999.99,1.15566,USD,2.31 USD,TAKER,a97368fa-b784-4eab-9add-d330e590d9d9,2025-06-17 09:30:00+00:00,2025-06-17 09:30:00+00:00,{},False
BACKTESTER-001,MovingAverageCrossover-MA_CROSS,EUR/USD.IDEALPRO,IDEALPRO-1-156,IDEALPRO-001,IDEALPRO-1-169252,EUR/USD.IDEALPRO-MovingAverageCrossover-MA_CROSS,SELL,MARKET,0.01,1.15206,USD,0.00 USD,TAKER,c79cbd99-7f16-4a66-a3d7-be4e28cc30e1,2025-06-17 16:45:00+00:00,2025-06-17 16:45:00+00:00,{},False
BACKTESTER-001,MovingAverageCrossover-MA_CROSS,EUR/USD.IDEALPRO,IDEALPRO-1-156,IDEALPRO-001,IDEALPRO-1-169253,EUR/USD.IDEALPRO-MovingAverageCrossover-MA_CROSS,SELL,MARKET,99999.99,1.15205,USD,2.30 USD,TAKER,b5ba5ed6-1a3f-45a7-8bb6-81696ec4c046,2025-06-17 16:45:00+00:00,2025-06-17 16:45:00+00:00,{},False
BACKTESTER-001,MovingAverageCrossover-MA_CROSS,EUR/USD.IDEALPRO,IDEALPRO-1-158,IDEALPRO-001,IDEALPRO-1-170815,EUR/USD.IDEALPRO-MovingAverageCrossover-MA_CROSS,BUY,LIMIT,0.01,1.14706,USD,0.00 USD,MAKER,865fa690-8b52-4a43-8445-6d2e34fff48d,2025-06-18 19:01:00+00:00,2025-06-18 19:01:00+00:00,{},False
BACKTESTER-001,MovingAverageCrossover-MA_CROSS,EUR/USD.IDEALPRO,IDEALPRO-1-158,IDEALPRO-001,IDEALPRO-1-170816,EUR/USD.IDEALPRO-MovingAverageCrossover-MA_CROSS,BUY,LIMIT,99999.99,1.14706,USD,2.29 USD,MAKER,c70b771d-ceda-4f1c-9207-06f55c67b440,2025-06-18 19:01:00+00:00,2025-06-18 19:01:00+00:00,{},False
BACKTESTER-001,MovingAverageCrossover-MA_CROSS,EUR/USD.IDEALPRO,IDEALPRO-1-159,IDEALPRO-001,IDEALPRO-1-172721,EUR/USD.IDEALPRO-MovingAverageCrossover-MA_CROSS,BUY,MARKET,0.01,1.15230,USD,0.00 USD,TAKER,d917251a-4b3d-49b9-a798-d1309016a3e9,2025-06-20 03:15:00+00:00,2025-06-20 03:15:00+00:00,{},False
BACKTESTER-001,MovingAverageCrossover-MA_CROSS,EUR/USD.IDEALPRO,IDEALPRO-1-159,IDEALPRO-001,IDEALPRO-1-172722,EUR/USD.IDEALPRO-MovingAverageCrossover-MA_CROSS,BUY,MARKET,99999.99,1.15231,USD,2.30 USD,TAKER,1e666264-42da-4da4-a506-ff12982f31c4,2025-06-20 03:15:00+00:00,2025-06-20 03:15:00+00:00,{},False
BACKTESTER-001,MovingAverageCrossover-MA_CROSS,EUR/USD.IDEALPRO,IDEALPRO-1-160,IDEALPRO-001,IDEALPRO-1-173789,EUR/USD.IDEALPRO-MovingAverageCrossover-MA_CROSS,SELL,STOP_MARKET,0.01,1.14880,USD,0.00 USD,TAKER,00cd2b93-5585-485e-a135-22fc6844d601,2025-06-22 21:16:00+00:00,2025-06-22 21:16:00+00:00,{},False
BACKTESTER-001,MovingAverageCrossover-MA_CROSS,EUR/USD.IDEALPRO,IDEALPRO-1-160,IDEALPRO-001,IDEALPRO-1-173790,EUR/USD.IDEALPRO-MovingAverageCrossover-MA_CROSS,SELL,STOP_MARKET,99999.99,1.14879,USD,2.30 USD,TAKER,a9ce2960-adff-475b-887b-4622958ac369,2025-06-22 21:16:00+00:00,2025-06-22 21:16:00+00:00,{},False
BACKTESTER-001,MovingAverageCrossover-MA_CROSS,EUR/USD.IDEALPRO,IDEALPRO-1-162,IDEALPRO-001,IDEALPRO-1-174360,EUR/USD.IDEALPRO-MovingAverageCrossover-MA_CROSS,SELL,MARKET,0.01,1.15071,USD,0.00 USD,TAKER,b76aa6ef-1a77-4eac-a9c0-3f3cd8b3562b,2025-06-23 06:45:00+00:00,2025-06-23 06:45:00+00:00,{},False
BACKTESTER-001,MovingAverageCrossover-MA_CROSS,EUR/USD.IDEALPRO,IDEALPRO-1-162,IDEALPRO-001,IDEALPRO-1-174361,EUR/USD.IDEALPRO-MovingAverageCrossover-MA_CROSS,SELL,MARKET,99999.99,1.15070,USD,2.30 USD,TAKER,24227e33-180a-42da-b903-51119288cee1,2025-06-23 06:45:00+00:00,2025-06-23 06:45:00+00:00,{},False
BACKTESTER-001,MovingAverageCrossover-MA_CROSS,EUR/USD.IDEALPRO,IDEALPRO-1-164,IDEALPRO-001,IDEALPRO-1-174526,EUR/USD.IDEALPRO-MovingAverageCrossover-MA_CROSS,BUY,LIMIT,0.01,1.14571,USD,0.00 USD,MAKER,d54c0e5a-754b-45f4-be35-7f396004e6ae,2025-06-23 09:29:00+00:00,2025-06-23 09:29:00+00:00,{},False
BACKTESTER-001,MovingAverageCrossover-MA_CROSS,EUR/USD.IDEALPRO,IDEALPRO-1-164,IDEALPRO-001,IDEALPRO-1-174527,EUR/USD.IDEALPRO-MovingAverageCrossover-MA_CROSS,BUY,LIMIT,99999.99,1.14571,USD,2.29 USD,MAKER,e28f0b39-de82-4eea-b47b-eb8fece748b6,2025-06-23 09:29:00+00:00,2025-06-23 09:29:00+00:00,{},False
BACKTESTER-001,MovingAverageCrossover-MA_CROSS,EUR/USD.IDEALPRO,IDEALPRO-1-165,IDEALPRO-001,IDEALPRO-1-175009,EUR/USD.IDEALPRO-MovingAverageCrossover-MA_CROSS,BUY,MARKET,0.01,1.15584,USD,0.00 USD,TAKER,45ec9512-fba3-4075-a0a3-511fa31d84a9,2025-06-23 17:30:00+00:00,2025-06-23 17:30:00+00:00,{},False
BACKTESTER-001,MovingAverageCrossover-MA_CROSS,EUR/USD.IDEALPRO,IDEALPRO-1-165,IDEALPRO-001,IDEALPRO-1-175010,EUR/USD.IDEALPRO-MovingAverageCrossover-MA_CROSS,BUY,MARKET,99999.99,1.15585,USD,2.31 USD,TAKER,2ae52cbf-08d3-4abc-8bf4-a64abaad5fd0,2025-06-23 17:30:00+00:00,2025-06-23 17:30:00+00:00,{},False
BACKTESTER-001,MovingAverageCrossover-MA_CROSS,EUR/USD.IDEALPRO,IDEALPRO-1-167,IDEALPRO-001,IDEALPRO-1-175373,EUR/USD.IDEALPRO-MovingAverageCrossover-MA_CROSS,SELL,LIMIT,0.01,1.16084,USD,0.00 USD,MAKER,30093a50-5a3d-4c7e-8fa0-7252a61c4ffc,2025-06-23 23:47:00+00:00,2025-06-23 23:47:00+00:00,{},False
BACKTESTER-001,MovingAverageCrossover-MA_CROSS,EUR/USD.IDEALPRO,IDEALPRO-1-167,IDEALPRO-001,IDEALPRO-1-175435,EUR/USD.IDEALPRO-MovingAverageCrossover-MA_CROSS,SELL,LIMIT,0.01,1.16084,USD,0.00 USD,MAKER,a40891d0-d605-419e-8ce6-905334e9b8cf,2025-06-24 00:48:00+00:00,2025-06-24 00:48:00+00:00,{},False
BACKTESTER-001,MovingAverageCrossover-MA_CROSS,EUR/USD.IDEALPRO,IDEALPRO-1-167,IDEALPRO-001,IDEALPRO-1-175436,EUR/USD.IDEALPRO-MovingAverageCrossover-MA_CROSS,SELL,LIMIT,99999.98,1.16084,USD,2.32 USD,MAKER,4f72f84e-3ee0-46cc-8d0d-38f5bb9063be,2025-06-24 00:48:00+00:00,2025-06-24 00:48:00+00:00,{},False
BACKTESTER-001,MovingAverageCrossover-MA_CROSS,EUR/USD.IDEALPRO,IDEALPRO-1-168,IDEALPRO-001,IDEALPRO-1-186249,EUR/USD.IDEALPRO-MovingAverageCrossover-MA_CROSS,SELL,MARKET,0.01,1.17580,USD,0.00 USD,TAKER,1a480e56-a8ee-4df8-afa0-4827b7de7bd6,2025-07-03 14:45:00+00:00,2025-07-03 14:45:00+00:00,{},False
BACKTESTER-001,MovingAverageCrossover-MA_CROSS,EUR/USD.IDEALPRO,IDEALPRO-1-168,IDEALPRO-001,IDEALPRO-1-186250,EUR/USD.IDEALPRO-MovingAverageCrossover-MA_CROSS,SELL,MARKET,99999.99,1.17579,USD,2.35 USD,TAKER,d18d98f4-8e33-47f6-b97e-ac4bb8cee66a,2025-07-03 14:45:00+00:00,2025-07-03 14:45:00+00:00,{},False
BACKTESTER-001,MovingAverageCrossover-MA_CROSS,EUR/USD.IDEALPRO,IDEALPRO-1-170,IDEALPRO-001,IDEALPRO-1-189224,EUR/USD.IDEALPRO-MovingAverageCrossover-MA_CROSS,BUY,LIMIT,0.01,1.17080,USD,0.00 USD,MAKER,085378e1-a1da-4414-9b42-03a7a228f196,2025-07-07 16:48:00+00:00,2025-07-07 16:48:00+00:00,{},False
BACKTESTER-001,MovingAverageCrossover-MA_CROSS,EUR/USD.IDEALPRO,IDEALPRO-1-170,IDEALPRO-001,IDEALPRO-1-189225,EUR/USD.IDEALPRO-MovingAverageCrossover-MA_CROSS,BUY,LIMIT,99999.99,1.17080,USD,2.34 USD,MAKER,67b5e92e-66e3-4608-8092-89b5191fffe2,2025-07-07 16:48:00+00:00,2025-07-07 16:48:00+00:00,{},False
BACKTESTER-001,MovingAverageCrossover-MA_CROSS,EUR/USD.IDEALPRO,IDEALPRO-1-171,IDEALPRO-001,IDEALPRO-1-192793,EUR/USD.IDEALPRO-MovingAverageCrossover-MA_CROSS,BUY,MARKET,0.01,1.17350,USD,0.00 USD,TAKER,4b9b3103-785d-44b8-90db-d3d244d59e39,2025-07-10 05:00:00+00:00,2025-07-10 05:00:00+00:00,{},False
BACKTESTER-001,MovingAverageCrossover-MA_CROSS,EUR/USD.IDEALPRO,IDEALPRO-1-171,IDEALPRO-001,IDEALPRO-1-192794,EUR/USD.IDEALPRO-MovingAverageCrossover-MA_CROSS,BUY,MARKET,99999.99,1.17351,USD,2.35 USD,TAKER,1f22fbaa-dac3-4f0e-a182-24d0ac128379,2025-07-10 05:00:00+00:00,2025-07-10 05:00:00+00:00,{},False
BACKTESTER-001,MovingAverageCrossover-MA_CROSS,EUR/USD.IDEALPRO,IDEALPRO-1-172,IDEALPRO-001,IDEALPRO-1-193305,EUR/USD.IDEALPRO-MovingAverageCrossover-MA_CROSS,SELL,STOP_MARKET,0.01,1.17000,USD,0.00 USD,TAKER,f191a757-1099-450c-bf01-e51428412375,2025-07-10 13:30:00+00:00,2025-07-10 13:30:00+00:00,{},False
BACKTESTER-001,MovingAverageCrossover-MA_CROSS,EUR/USD.IDEALPRO,IDEALPRO-1-172,IDEALPRO-001,IDEALPRO-1-193306,EUR/USD.IDEALPRO-MovingAverageCrossover-MA_CROSS,SELL,STOP_MARKET,99999.99,1.16999,USD,2.34 USD,TAKER,12ead80b-0de2-42a6-b66e-f40decb272e9,2025-07-10 13:30:00+00:00,2025-07-10 13:30:00+00:00,{},False
BACKTESTER-001,MovingAverageCrossover-MA_CROSS,EUR/USD.IDEALPRO,IDEALPRO-1-174,IDEALPRO-001,IDEALPRO-1-193622,EUR/USD.IDEALPRO-MovingAverageCrossover-MA_CROSS,SELL,MARKET,0.01,1.16880,USD,0.00 USD,TAKER,4a8faac1-f35d-4978-8938-ede1c9d35df1,2025-07-10 18:45:00+00:00,2025-07-10 18:45:00+00:00,{},False
BACKTESTER-001,MovingAverageCrossover-MA_CROSS,EUR/USD.IDEALPRO,IDEALPRO-1-174,IDEALPRO-001,IDEALPRO-1-193623,EUR/USD.IDEALPRO-MovingAverageCrossover-MA_CROSS,SELL,MARKET,99999.99,1.16879,USD,2.34 USD,TAKER,113e968a-593d-4d3f-8d2b-53ff1022a728,2025-07-10 18:45:00+00:00,2025-07-10 18:45:00+00:00,{},False
BACKTESTER-001,MovingAverageCrossover-MA_CROSS,EUR/USD.IDEALPRO,IDEALPRO-1-176,IDEALPRO-001,IDEALPRO-1-197615,EUR/USD.IDEALPRO-MovingAverageCrossover-MA_CROSS,BUY,LIMIT,0.01,1.16380,USD,0.00 USD,MAKER,f1df7d3b-4898-455a-aa4e-5b36b5d88144,2025-07-15 14:01:00+00:00,2025-07-15 14:01:00+00:00,{},False
BACKTESTER-001,MovingAverageCrossover-MA_CROSS,EUR/USD.IDEALPRO,IDEALPRO-1-176,IDEALPRO-001,IDEALPRO-1-197616,EUR/USD.IDEALPRO-MovingAverageCrossover-MA_CROSS,BUY,LIMIT,99999.99,1.16380,USD,2.33 USD,MAKER,425e6bb0-0e0b-4601-96da-230d2aae4fa0,2025-07-15 14:01:00+00:00,2025-07-15 14:01:00+00:00,{},False
BACKTESTER-001,MovingAverageCrossover-MA_CROSS,EUR/USD.IDEALPRO,IDEALPRO-1-177,IDEALPRO-001,IDEALPRO-1-201456,EUR/USD.IDEALPRO-MovingAverageCrossover-MA_CROSS,BUY,MARKET,0.01,1.16193,USD,0.00 USD,TAKER,9fba61cb-cc90-4682-a8c1-09b1e7415bcd,2025-07-18 06:45:00+00:00,2025-07-18 06:45:00+00:00,{},False
BACKTESTER-001,MovingAverageCrossover-MA_CROSS,EUR/USD.IDEALPRO,IDEALPRO-1-177,IDEALPRO-001,IDEALPRO-1-201457,EUR/USD.IDEALPRO-MovingAverageCrossover-MA_CROSS,BUY,MARKET,99999.99,1.16194,USD,2.32 USD,TAKER,91c7df66-25b8-497c-bdc4-1f95dc1ebdc4,2025-07-18 06:45:00+00:00,2025-07-18 06:45:00+00:00,{},False
BACKTESTER-001,MovingAverageCrossover-MA_CROSS,EUR/USD.IDEALPRO,IDEALPRO-1-179,IDEALPRO-001,IDEALPRO-1-201894,EUR/USD.IDEALPRO-MovingAverageCrossover-MA_CROSS,SELL,LIMIT,0.01,1.16693,USD,0.00 USD,MAKER,773e945c-5ce7-4d34-82e8-10cc7737e151,2025-07-18 14:01:00+00:00,2025-07-18 14:01:00+00:00,{},False
BACKTESTER-001,MovingAverageCrossover-MA_CROSS,EUR/USD.IDEALPRO,IDEALPRO-1-179,IDEALPRO-001,IDEALPRO-1-201895,EUR/USD.IDEALPRO-MovingAverageCrossover-MA_CROSS,SELL,LIMIT,99999.99,1.16693,USD,2.33 USD,MAKER,b4b33487-0aca-4ec3-b220-e64bba1e0be6,2025-07-18 14:01:00+00:00,2025-07-18 14:01:00+00:00,{},False
BACKTESTER-001,MovingAverageCrossover-MA_CROSS,EUR/USD.IDEALPRO,IDEALPRO-1-180,IDEALPRO-001,IDEALPRO-1-208600,EUR/USD.IDEALPRO-MovingAverageCrossover-MA_CROSS,SELL,MARKET,0.01,1.17479,USD,0.00 USD,TAKER,15debf0d-4ffe-4602-bb0f-30844d3faef3,2025-07-25 07:00:00+00:00,2025-07-25 07:00:00+00:00,{},False
BACKTESTER-001,MovingAverageCrossover-MA_CROSS,EUR/USD.IDEALPRO,IDEALPRO-1-180,IDEALPRO-001,IDEALPRO-1-208601,EUR/USD.IDEALPRO-MovingAverageCrossover-MA_CROSS,SELL,MARKET,99999.99,1.17478,USD,2.35 USD,TAKER,6cb4ab7b-5b17-4af7-bd4b-4b50fc0b7ad0,2025-07-25 07:00:00+00:00,2025-07-25 07:00:00+00:00,{},False
BACKTESTER-001,MovingAverageCrossover-MA_CROSS,EUR/USD.IDEALPRO,IDEALPRO-1-182,IDEALPRO-001,IDEALPRO-1-210060,EUR/USD.IDEALPRO-MovingAverageCrossover-MA_CROSS,BUY,LIMIT,0.01,1.16979,USD,0.00 USD,MAKER,8015ff0d-e971-4cea-a695-008c768fd8a1,2025-07-28 07:33:00+00:00,2025-07-28 07:33:00+00:00,{},False
BACKTESTER-001,MovingAverageCrossover-MA_CROSS,EUR/USD.IDEALPRO,IDEALPRO-1-182,IDEALPRO-001,IDEALPRO-1-210061,EUR/USD.IDEALPRO-MovingAverageCrossover-MA_CROSS,BUY,LIMIT,99999.99,1.16979,USD,2.34 USD,MAKER,22ba2384-184f-4737-b46d-6bee800ea303,2025-07-28 07:33:00+00:00,2025-07-28 07:33:00+00:00,{},False
